,Country,ID,1961,1962,1963,1964,1965,1966,1967,1968,1969,1970,1971,1972,1973,1974,1975,1976,1977,1978,1979,1980,1981,1982,1983,1984,1985,1986,1987,1988,1989,1990,1991,1992,1993,1994,1995,1996,1997,1998,1999,2000,2001,2002,2003,2004,2005,2006,2007,2008,2009,2010,2011,2012,2013,2014
0,Afghanistan,AFG,0.0,0.0,0.0,0.0,0.0,0.0,0.0,0.0,0.0,0.0,0.0,0.0,0.0,0.0,0.0,0.0,0.0,0.0,0.0,0.0,0.0,0.0,0.0,0.0,0.0,0.0,0.0,0.0,0.0,0.0,0.0,0.0,0.0,0.0,0.0,0.0,0.0,0.0,0.0,0.0,0.0,0.0,0.0,0.02,0.01,0.01,0.01,0.01,0.01,0.01,0.01,0.01,0.01,0.0
1,Albania,ALB,0.0,0.49,0.52,0.52,0.5,0.51,0.49,0.53,0.54,0.47,0.48,0.52,0.53,0.52,0.52,0.5,0.46,0.5,0.48,0.44,0.46,0.45,0.45,0.43,0.51,0.57,0.58,0.56,0.52,0.42,0.18,0.09,0.52,1.27,1.01,0.59,0.48,0.46,0.83,1.26,1.42,1.23,1.39,1.33,1.59,1.73,1.86,2.03,2.08,1.61,1.76,1.68,1.68,1.45
2,Algeria,DZA,0.67,0.51,0.33,0.26,0.27,0.29,0.33,0.34,0.36,0.38,0.38,0.38,0.41,0.35,0.22,0.31,0.31,0.29,0.27,0.27,0.27,0.27,0.19,0.2,0.19,0.18,0.17,0.17,0.16,0.18,0.17,0.19,0.23,0.24,0.28,0.28,0.27,0.26,0.22,0.12,0.1,0.17,0.2,0.24,0.29,0.17,0.16,0.2,0.2,0.17,0.2,0.22,0.25,0.0
3,Andorra,AND,0.0,0.0,0.0,0.0,0.0,0.0,0.0,0.0,0.0,0.0,0.0,0.0,0.0,0.0,0.0,0.0,0.0,0.0,0.0,0.0,0.0,0.0,0.0,0.0,0.0,0.0,0.0,0.0,0.0,0.0,0.0,0.0,0.0,0.0,0.0,0.0,0.0,0.0,0.0,3.25,3.29,3.21,3.38,3.37,3.64,3.78,3.7,3.56,3.59,3.54,3.27,3.26,3.1,0.0
4,Angola,AGO,0.72,0.91,1.01,0.94,0.95,1.12,1.09,1.2,1.38,1.48,1.65,1.72,1.9,1.68,1.3,1.51,1.33,1.36,1.27,1.19,1.48,1.21,0.85,1.02,0.84,0.9,0.91,0.73,0.87,0.64,0.44,0.58,0.55,0.61,0.64,0.77,0.96,0.81,0.77,1.07,1.41,1.56,1.57,1.72,2.86,3.26,3.48,3.92,4.75,5.12,5.37,5.58,5.42,5.48
5,Antigua and Barbuda,ATG,0.0,0.29,0.3,0.38,0.35,0.72,0.78,0.82,1.12,1.17,1.17,1.13,1.09,0.64,0.71,0.57,0.19,0.32,0.28,0.92,1.12,1.14,1.31,1.71,1.69,1.69,1.79,1.37,1.83,2.04,1.92,1.99,1.94,0.94,0.97,0.94,0.79,0.64,0.69,1.94,1.89,1.77,1.87,1.97,2.42,2.64,2.95,3.0,2.94,2.89,2.85,2.81,2.77,2.72
6,Argentina,ARG,0.75,0.6,0.37,0.5,0.72,0.71,0.66,0.74,0.8,0.93,0.79,0.76,0.79,1.16,1.02,0.66,0.61,0.49,0.5,0.54,0.47,0.5,0.69,0.86,0.85,1.14,1.21,1.06,1.21,1.38,1.79,2.18,2.26,2.43,2.29,2.38,2.58,2.44,2.32,1.79,1.9,2.08,2.03,2.04,2.42,2.57,2.75,3.16,3.23,3.32,3.15,3.21,3.36,3.36
7,Armenia,ARM,0.0,0.0,0.0,0.0,0.0,0.0,0.0,0.0,0.0,0.0,0.0,0.0,0.0,0.0,0.0,0.0,0.0,0.0,0.0,0.0,0.0,0.0,0.0,0.0,0.0,0.0,0.0,0.0,0.0,0.0,0.0,0.01,0.01,0.05,0.0,0.07,0.14,0.3,0.18,0.18,0.24,0.17,0.17,0.22,0.27,0.36,0.38,0.41,0.32,0.39,0.33,0.25,0.42,0.51
8,Australia,AUS,6.36,6.44,7.52,7.72,7.69,7.84,8.1,8.33,8.51,8.64,8.64,8.81,9.57,9.7,9.42,9.38,9.35,8.99,9.02,8.82,8.76,8.26,7.95,7.69,7.73,7.39,7.5,7.62,7.49,7.08,6.65,6.35,5.48,5.46,5.39,5.32,5.24,5.15,5.06,5.07,4.08,4.97,4.96,4.57,4.62,4.63,4.63,4.69,4.68,4.51,4.31,4.14,4.04,4.01
9,Austria,AUT,4.9,5.2,5.5,6.0,6.0,6.5,6.5,6.8,6.4,6.5,6.6,7.0,7.0,7.1,6.7,6.8,6.8,6.7,6.5,6.5,6.5,6.6,6.8,6.9,6.7,7.2,6.9,7.0,7.1,7.3,7.3,7.5,7.2,6.9,6.9,6.8,6.7,6.8,6.8,6.8,6.6,6.4,6.4,6.7,6.07,6.7,6.4,6.4,6.2,6.1,6.09,6.27,6.03,6.25
10,Azerbaijan,AZE,0.0,0.0,0.0,0.0,0.0,0.0,0.0,0.0,0.0,0.0,0.0,0.0,0.0,0.0,0.0,0.0,0.0,0.0,0.0,0.0,0.0,0.0,0.0,0.0,0.0,0.0,0.0,0.0,0.0,0.0,0.0,0.21,0.15,0.2,0.1,0.11,0.06,0.06,0.07,0.17,0.2,0.21,0.23,0.25,0.3,0.3,0.34,0.46,0.27,0.16,0.16,0.0,0.19,0.0
11,Bahamas,BHS,2.63,2.68,3.07,3.22,3.47,3.61,3.96,4.05,4.21,4.11,3.82,3.69,3.55,3.34,2.88,2.82,2.7,2.62,3.59,3.69,4.03,4.5,4.35,4.25,4.31,4.16,4.11,3.15,3.33,2.96,2.12,2.15,1.93,1.77,1.45,1.01,0.99,0.85,0.88,4.04,3.7,3.61,3.56,3.73,3.82,3.78,3.82,3.61,3.14,3.23,3.34,3.41,3.47,3.53
12,Bahrain,BHR,0.0,0.0,0.0,0.0,0.0,0.0,0.0,0.0,0.0,1.3,1.21,1.31,1.26,1.22,1.3,0.0,1.75,0.0,0.97,1.19,1.17,1.79,1.76,2.22,1.26,1.23,2.02,1.15,1.11,1.18,1.5,1.38,1.4,1.16,1.37,1.69,2.26,0.86,1.1,0.54,0.55,0.55,0.55,0.55,0.54,0.52,0.49,0.47,0.46,0.46,0.34,0.35,0.37,0.38
13,Bangladesh,BGD,0.0,0.0,0.0,0.0,0.0,0.0,0.0,0.0,0.0,0.0,0.0,0.0,0.0,0.0,0.0,0.0,0.0,0.0,0.0,0.0,0.0,0.0,0.0,0.0,0.0,0.0,0.0,0.0,0.0,0.0,0.0,0.0,0.0,0.0,0.0,0.0,0.0,0.0,0.0,0.0,0.0,0.0,0.0,0.0,0.0,0.0,0.0,0.0,0.0,0.0,0.0,0.0,0.0,0.0
14,Barbados,BRB,0.0,0.0,0.0,0.0,0.0,0.0,0.0,0.0,0.0,0.0,0.0,0.0,0.0,0.0,0.0,0.0,0.0,0.0,0.0,0.0,0.0,0.0,0.0,0.0,0.0,0.0,0.0,0.0,0.0,3.06,2.92,2.23,2.63,2.76,1.83,1.83,1.94,1.96,2.02,2.76,2.9,2.91,2.9,2.98,3.22,3.28,3.14,3.43,3.15,3.3,3.34,3.39,3.4,3.42
15,Belarus,BLR,0.0,0.0,0.0,0.0,0.0,0.0,0.0,0.0,0.0,0.0,0.0,0.0,0.0,0.0,0.0,0.0,0.0,0.0,0.0,0.0,0.0,0.0,0.0,0.0,0.0,0.0,0.0,1.65,1.83,1.87,1.92,1.58,1.24,0.88,0.79,0.98,1.14,1.19,1.22,1.18,1.15,2.73,3.2,1.33,1.47,2.03,2.38,2.54,2.39,2.5,3.1,2.98,3.08,3.01
16,Belgium,BEL,0.0,0.0,7.64,7.93,7.67,7.65,7.94,7.99,8.29,8.66,8.49,8.7,9.25,8.58,8.38,8.8,8.28,7.92,7.9,8.2,7.73,8.23,7.92,7.79,7.45,7.36,7.42,7.25,7.01,7.37,6.8,6.85,6.68,6.47,6.34,6.2,6.11,5.96,6.06,6.15,6.08,6.09,6.14,5.95,6.07,5.61,5.21,5.04,4.94,5.02,4.89,4.79,5.81,6.21
17,Belize,BLZ,0.54,1.06,0.93,0.98,1.08,0.9,0.79,0.94,1.15,1.09,1.13,1.6,1.65,2.22,2.36,2.39,2.62,1.95,2.21,2.05,2.6,2.22,2.24,1.65,1.5,1.35,1.41,1.54,0.0,1.68,1.71,2.02,3.59,2.72,2.71,2.12,2.16,2.2,2.19,2.83,2.95,3.09,3.7,3.98,3.96,4.12,4.88,4.86,4.53,4.52,4.43,4.37,4.34,4.34
18,Benin,BEN,0.57,0.53,0.54,0.49,0.47,0.46,0.42,0.46,0.48,0.51,0.57,0.58,0.63,0.69,0.69,0.7,0.82,0.82,0.81,0.79,0.98,0.87,0.8,0.85,0.83,0.81,0.89,0.8,0.99,0.61,0.44,0.46,0.52,0.46,0.46,0.65,0.58,0.54,0.37,0.54,0.66,0.73,0.7,0.53,0.51,0.53,0.55,0.62,0.62,0.67,0.79,0.0,0.0,0.0
19,Bhutan,BTN,0.42,0.45,0.51,0.5,0.51,0.49,0.52,0.55,0.53,0.54,0.53,0.55,0.53,0.59,0.59,0.48,0.5,0.49,0.53,0.5,0.52,0.55,0.51,0.51,0.5,0.46,0.46,0.32,0.31,1.74,1.82,2.09,3.0,1.81,1.82,3.16,1.92,1.79,3.25,0.17,0.14,0.29,0.49,0.62,0.36,0.25,0.12,0.13,0.12,0.11,0.18,0.0,0.0,0.0
20,Bolivia,BOL,0.46,0.49,0.52,0.55,0.52,0.59,0.61,0.6,0.65,0.71,0.75,0.76,0.77,0.96,1.25,1.54,1.66,1.7,1.79,1.64,1.63,1.24,0.94,0.94,1.0,1.14,1.16,1.1,1.26,1.33,1.37,1.36,1.63,1.6,1.72,1.67,1.73,1.68,2.2,1.68,1.55,1.58,1.7,2.0,2.14,2.35,2.54,2.78,2.94,2.96,2.84,2.81,2.73,2.73
21,Bosnia and Herzegovina,BIH,0.0,0.0,0.0,0.0,0.0,0.0,0.0,0.0,0.0,0.0,0.0,0.0,0.0,0.0,0.0,0.0,0.0,0.0,0.0,0.0,0.0,0.0,0.0,0.0,0.0,0.0,0.0,0.0,0.0,2.68,2.15,0.87,0.92,1.09,1.09,1.46,1.76,1.72,1.59,2.57,2.61,2.65,2.87,3.03,3.34,3.57,3.77,3.8,3.5,3.33,3.43,3.5,3.28,3.2
22,Botswana,BWA,3.05,2.91,3.17,3.03,3.23,3.48,3.4,3.18,3.32,3.34,3.36,3.87,3.98,2.55,2.85,2.54,2.25,1.28,1.36,1.51,1.54,1.48,1.58,1.77,2.29,2.25,2.22,2.06,2.35,2.02,2.03,2.99,3.12,2.19,2.1,2.1,2.03,2.12,2.01,2.3,2.69,2.6,2.39,2.47,2.58,2.67,2.68,2.22,2.35,3.36,2.39,0.0,0.0,0.0
23,Brazil,BRA,0.0,0.0,0.67,0.76,0.72,0.64,0.72,0.78,0.7,0.68,0.83,0.74,0.84,0.87,0.87,0.94,1.05,1.3,1.38,1.37,1.39,1.41,1.43,1.4,1.42,1.74,1.69,1.78,2.89,2.96,3.22,2.86,2.83,2.84,3.38,3.4,3.36,3.3,3.54,3.33,3.34,3.32,3.18,3.22,3.36,3.56,3.74,3.84,4.15,4.42,4.49,4.61,4.45,4.64
24,Brunei,BRN,0.46,0.59,0.65,0.8,0.69,0.86,0.81,0.84,0.93,0.89,0.91,0.96,0.88,0.93,0.88,1.11,1.23,1.32,1.38,1.7,1.78,1.85,2.11,2.45,2.32,2.18,2.5,1.98,2.27,2.42,2.42,0.0,0.42,0.34,0.22,0.19,0.18,0.12,0.18,0.19,0.2,0.09,0.09,0.08,0.09,0.5,0.76,0.59,0.18,0.82,0.85,0.0,0.0,0.0
25,Bulgaria,BGR,0.0,0.0,1.22,1.15,1.38,1.53,1.74,1.86,2.13,2.36,2.46,2.6,2.87,3.09,3.1,3.32,3.49,3.64,3.73,3.68,3.71,3.81,3.91,4.05,4.02,4.07,4.2,4.26,4.43,4.2,3.15,3.51,3.49,3.26,3.24,3.23,2.31,1.99,1.99,2.99,3.22,2.98,3.3,3.52,3.56,3.96,4.41,4.41,4.03,4.01,4.09,4.3,4.27,4.31
26,Burkina Faso,BFA,0.28,0.29,0.33,0.3,0.3,0.31,0.34,0.36,0.32,0.33,0.32,0.28,0.29,0.31,0.37,0.39,0.33,0.4,0.4,0.35,0.32,0.32,0.32,0.32,0.3,0.35,0.38,3.61,0.38,0.38,0.43,0.39,0.39,0.32,0.35,0.52,0.48,0.48,0.42,0.4,0.39,0.41,0.41,0.42,0.44,0.44,0.45,0.46,0.46,0.46,0.53,0.63,0.67,0.0
27,Burundi,BDI,1.4,1.38,1.42,1.49,1.49,1.52,1.43,1.39,1.33,1.43,1.46,1.42,1.66,1.57,1.77,1.94,2.02,1.98,2.74,2.82,2.85,2.67,2.56,2.6,2.86,2.96,2.85,2.83,2.84,1.63,1.71,1.8,1.82,2.09,2.1,1.85,1.75,1.54,1.45,1.46,1.0,1.02,1.13,1.19,1.19,1.4,1.42,1.4,1.37,1.59,1.63,0.0,0.0,0.0
28,Cambodia,KHM,0.0,0.0,0.0,0.0,0.0,0.0,0.0,0.0,0.0,0.0,0.0,0.0,0.0,0.0,0.0,0.0,0.0,0.0,0.0,0.0,0.0,0.0,0.0,0.0,0.0,0.0,0.0,0.0,0.0,0.02,0.02,0.06,0.07,0.23,0.21,0.11,0.2,0.2,0.23,0.29,0.26,0.25,0.28,0.28,0.76,0.81,0.89,0.95,0.94,0.91,1.35,0.0,0.0,0.0
29,Cameroon,CMR,0.33,0.31,0.35,0.57,0.69,0.61,0.69,0.73,0.74,0.85,1.0,1.0,1.03,1.31,1.02,1.15,1.5,1.97,2.1,1.74,1.99,2.28,2.36,2.33,2.5,2.45,2.39,2.2,2.11,1.84,2.37,1.78,1.6,1.57,1.5,0.95,0.9,1.4,1.01,2.07,2.27,2.35,2.36,2.41,2.1,2.08,2.11,2.29,2.71,2.53,2.49,0.0,0.0,0.0
30,Canada,CAN,4.1,4.19,4.32,3.96,4.03,4.04,4.17,4.24,4.22,4.4,4.59,4.76,4.95,5.13,5.19,5.25,5.15,5.18,5.06,5.21,5.08,5.12,5.01,5.0,4.94,4.87,4.83,4.91,4.82,4.71,4.58,4.43,4.38,4.4,4.34,4.33,4.24,4.2,4.3,4.3,4.2,4.2,4.2,4.2,4.2,4.2,4.2,4.2,4.2,4.2,4.0,4.0,3.9,3.8
31,Cape Verde,CPV,0.16,0.15,0.15,0.15,0.16,0.16,0.17,0.22,0.26,0.38,0.49,0.67,0.68,1.07,0.91,0.51,0.58,0.33,0.49,0.58,0.57,0.55,0.6,0.67,0.65,0.74,0.77,0.64,0.54,0.89,0.97,0.69,0.58,1.32,0.85,1.47,1.31,1.58,2.17,2.09,2.12,2.08,2.32,1.9,2.19,1.92,2.03,1.97,2.2,2.51,2.82,0.0,0.0,0.0
32,Central African Republic,CAF,0.91,0.85,0.83,0.84,0.88,0.98,1.01,1.0,0.99,1.03,1.03,1.06,1.13,1.16,0.99,0.97,1.14,1.22,1.11,1.31,1.08,1.01,1.0,0.87,1.21,1.41,1.37,1.15,1.15,0.53,0.68,0.67,0.89,0.57,0.51,0.24,0.29,0.37,0.21,0.42,0.38,0.3,0.28,0.26,0.22,0.27,0.28,0.32,0.3,0.29,0.33,0.0,0.0,0.0
33,Chad,TCD,0.18,0.2,0.2,0.24,0.22,0.23,0.25,0.27,0.29,0.3,0.32,0.34,0.35,0.4,0.42,0.42,0.41,0.42,0.38,0.29,0.32,0.31,0.28,0.29,0.34,0.29,0.27,0.26,0.28,0.19,0.23,0.2,0.15,0.16,0.1,0.25,0.17,0.13,0.11,0.17,0.18,0.22,0.25,0.23,0.24,0.23,0.27,0.3,0.31,0.32,0.38,0.38,0.43,0.0
34,Chile,CHL,0.0,0.0,1.03,0.98,1.68,1.46,1.5,1.39,1.16,1.35,1.68,1.72,1.43,1.43,0.6,0.75,1.08,1.02,1.09,1.27,1.33,1.21,1.1,1.09,1.17,1.2,1.49,1.57,1.63,1.65,1.6,1.71,1.89,1.8,2.37,2.39,1.96,1.88,2.21,1.79,1.78,1.76,1.8,1.83,2.01,2.26,2.34,2.43,2.32,2.37,2.46,2.48,2.6,2.65
35,China,CHN,0.01,0.01,0.01,0.01,0.01,0.01,0.01,0.01,0.01,0.01,0.01,0.02,0.02,0.02,0.02,0.02,0.02,0.02,0.03,0.05,0.06,0.08,0.1,0.14,0.19,0.24,0.31,0.37,0.35,0.37,0.44,0.52,0.63,0.7,0.78,0.96,0.92,0.83,1.0,0.93,0.93,0.97,1.01,1.11,1.2,1.34,1.48,1.55,1.53,1.6,1.76,1.82,1.89,1.88
36,Colombia,COL,3.65,3.53,3.65,3.63,3.2,2.95,2.52,2.6,2.92,2.82,2.78,2.72,2.61,2.86,2.61,3.13,3.12,3.31,3.1,3.68,3.82,3.73,4.11,3.99,4.12,4.27,4.36,4.58,4.4,4.61,4.92,3.84,4.32,4.34,4.33,4.22,3.99,3.95,3.7,2.89,2.61,2.73,2.66,2.66,2.84,3.03,3.18,3.06,2.95,2.86,2.95,3.05,3.03,3.03
37,Comoros,COM,0.04,0.04,0.04,0.04,0.03,0.04,0.04,0.06,0.06,0.07,0.09,0.07,0.07,0.07,0.06,0.05,0.06,0.07,0.01,0.02,0.04,0.05,0.01,0.01,0.02,0.01,0.01,0.01,0.01,0.0,0.01,0.01,0.01,0.01,0.02,0.01,0.03,0.02,0.02,0.02,0.02,0.02,0.11,0.13,0.15,0.13,0.05,0.04,0.04,0.04,0.02,0.0,0.0,0.0
38,Congo,COG,0.64,0.65,0.54,0.6,0.54,0.66,0.84,1.08,1.11,1.06,1.27,1.31,1.53,1.69,2.05,2.28,2.32,2.81,2.61,2.09,2.16,2.07,2.15,2.26,2.67,2.33,2.34,2.11,1.91,2.1,2.47,2.46,2.55,1.77,1.59,1.56,1.04,1.42,1.38,1.6,1.54,1.75,1.72,1.72,1.54,1.76,2.15,1.96,2.86,2.9,3.27,0.0,0.0,0.0
39,Cook Islands,COK,0.0,0.0,0.0,0.0,0.0,0.0,0.0,0.0,0.0,0.0,0.0,0.0,0.0,0.0,0.0,0.0,0.0,0.0,0.0,0.0,0.0,0.0,0.0,0.0,0.0,0.0,0.0,0.0,0.0,2.76,1.05,1.11,0.0,0.44,0.0,0.0,0.0,0.0,0.0,0.48,1.25,0.55,2.46,3.06,2.75,2.65,2.94,2.36,3.06,2.07,2.43,0.0,0.0,0.0
40,Costa Rica,CRI,0.64,0.58,0.56,0.54,0.54,0.54,0.54,0.54,0.53,0.53,0.52,0.63,0.86,0.91,0.87,0.72,0.61,0.6,0.61,0.61,0.61,0.56,0.56,0.58,0.56,0.85,0.83,0.89,0.79,0.93,1.07,0.79,0.84,0.97,0.94,0.91,0.89,0.88,0.85,2.27,2.25,2.23,2.24,2.23,2.28,2.32,2.4,2.46,2.43,2.07,2.07,2.17,2.17,2.2
41,Cote d'Ivoire,CIV,0.93,0.72,0.96,1.0,0.95,0.93,0.96,0.96,0.9,0.89,1.0,1.13,1.15,1.25,1.26,1.59,1.62,1.78,2.02,0.55,0.42,0.38,0.39,0.33,0.37,0.36,0.34,0.34,0.33,0.94,0.87,0.85,0.97,0.82,1.28,1.23,1.05,1.11,1.06,0.57,0.54,0.51,0.63,0.63,0.66,0.62,0.68,0.66,0.63,0.71,0.74,0.81,0.82,0.0
42,Croatia,HRV,0.0,0.0,0.0,0.0,0.0,0.0,0.0,0.0,0.0,0.0,0.0,0.0,0.0,0.0,0.0,0.0,0.0,0.0,0.0,0.0,0.0,0.0,0.0,0.0,0.0,0.0,3.27,3.13,2.87,3.9,3.17,3.49,3.29,4.09,4.15,4.1,4.42,4.38,4.56,5.08,5.2,4.99,5.12,4.94,4.85,4.99,5.13,5.01,4.73,4.46,4.7,4.53,4.59,4.23
43,Cuba,CUB,1.34,0.88,0.98,1.1,1.02,0.97,1.31,0.74,0.56,0.9,1.08,1.36,1.54,1.42,1.63,1.69,1.68,1.68,1.61,1.61,1.5,1.58,1.65,1.63,1.67,1.75,1.92,1.89,1.87,1.23,0.71,1.14,0.81,0.75,0.83,0.93,0.86,1.14,1.16,1.33,1.31,1.31,1.51,1.52,1.48,1.56,1.6,1.66,1.59,1.6,1.63,1.65,1.69,1.74
44,Cyprus,CYP,0.63,0.71,0.7,0.79,0.95,0.87,0.89,0.91,1.11,1.15,1.28,1.44,1.52,1.3,1.29,1.32,1.62,1.81,2.07,2.16,2.31,2.43,2.62,2.65,2.81,2.96,3.13,3.39,3.62,3.8,3.61,4.03,3.65,3.8,3.57,3.3,3.28,3.44,3.57,3.69,3.71,3.5,3.56,3.6,3.62,3.58,3.7,3.89,3.68,3.78,3.53,3.48,3.3,0.0
45,Czech Republic,CZE,5.65,5.87,6.15,6.1,6.52,6.76,6.81,6.62,6.77,6.86,7.1,7.57,7.54,7.46,7.31,7.41,7.24,7.46,6.73,7.16,7.22,7.34,7.68,7.75,7.33,6.82,6.93,6.71,6.75,6.71,7.42,8.19,7.65,7.76,7.71,7.68,7.85,7.78,7.78,7.48,7.59,7.64,7.56,7.67,7.39,7.03,7.03,7.15,7.03,6.79,6.65,6.96,6.9,6.93
46,Democratic Republic of Congo,COD,0.3,0.19,0.21,0.3,0.5,0.49,0.48,0.35,0.61,0.78,0.85,1.04,1.14,1.49,1.24,0.81,0.56,0.35,0.17,0.16,0.25,0.18,0.3,0.43,0.85,0.54,0.59,0.41,0.25,0.41,0.29,0.21,0.26,0.19,0.26,0.15,0.2,0.18,0.13,0.38,0.27,0.27,0.27,0.32,0.34,0.42,0.49,0.55,0.56,0.62,0.69,0.0,0.0,0.0
47,Denmark,DNK,5.03,5.05,5.18,5.51,5.15,5.81,5.98,6.16,6.67,7.07,6.6,7.03,7.37,7.25,7.59,7.65,7.46,7.48,7.65,7.68,7.86,8.03,8.31,8.0,7.44,7.67,7.17,7.27,7.45,7.45,7.25,7.29,7.25,7.34,7.27,7.14,6.92,6.41,6.24,5.76,5.57,5.48,5.47,5.1,5.06,4.92,4.77,4.51,4.13,3.86,3.81,3.56,3.51,3.61
48,Djibouti,DJI,1.59,1.47,1.74,1.46,1.51,1.56,1.46,1.62,1.54,1.79,1.59,1.14,1.72,1.24,1.38,0.93,1.12,0.93,0.45,0.38,0.48,0.49,0.59,0.45,0.5,0.43,0.48,0.37,0.35,0.37,0.36,0.33,0.4,0.28,0.2,0.26,0.25,0.24,0.22,0.23,0.22,0.3,0.24,0.24,0.21,0.2,0.18,0.21,0.21,0.2,0.12,0.16,0.11,0.12
49,Dominica,DMA,0.0,0.0,0.0,0.0,0.0,0.0,0.0,0.0,0.0,0.0,0.0,0.0,0.0,0.0,0.0,0.0,0.0,0.0,0.0,0.0,0.0,0.0,0.0,0.0,0.0,0.0,0.0,0.0,0.0,1.05,1.36,1.91,2.13,1.86,2.46,0.45,0.88,0.34,0.46,0.81,1.0,0.84,0.31,0.88,0.5,0.77,0.83,0.98,0.43,0.48,0.11,0.0,0.0,0.0
50,Dominican Republic,DOM,0.22,0.57,0.71,0.71,0.45,0.44,0.38,0.52,0.63,0.7,0.79,0.89,0.85,0.83,0.74,0.76,1.0,1.18,1.43,1.61,1.71,1.46,1.23,1.08,1.2,1.24,1.32,1.54,1.54,1.5,1.55,2.16,1.93,2.2,2.01,1.95,2.18,2.54,2.79,2.63,2.38,2.69,2.62,2.04,2.71,3.33,2.88,3.03,3.19,3.22,3.2,3.24,3.28,3.35
51,Ecuador,ECU,0.68,0.65,0.58,0.68,0.67,0.68,0.66,0.72,0.82,0.88,0.83,0.94,1.05,1.1,1.23,1.54,1.64,2.07,2.05,1.78,1.72,1.63,1.57,1.3,1.26,1.38,1.47,2.16,1.59,1.09,1.3,1.37,1.21,0.72,0.59,0.64,1.16,1.4,1.28,1.35,1.5,1.64,1.75,1.81,1.92,2.1,2.16,2.39,2.62,2.67,2.78,2.88,2.96,2.99
52,Egypt,EGY,0.04,0.05,0.05,0.05,0.05,0.05,0.05,0.04,0.04,0.05,0.05,0.05,0.06,0.05,0.05,0.06,0.07,0.08,0.06,0.07,0.08,0.08,0.05,0.06,0.06,0.07,0.07,0.07,0.07,0.08,0.07,0.06,0.05,0.05,0.05,0.05,0.05,0.05,0.05,0.06,0.06,0.07,0.07,0.08,0.09,0.11,0.11,0.12,0.12,0.12,0.14,0.13,0.14,0.14
53,El Salvador,SLV,0.43,0.43,0.41,0.37,0.37,0.35,0.34,0.34,0.37,0.46,0.46,0.5,0.5,0.68,0.78,0.85,0.86,0.87,0.85,0.82,0.84,0.73,0.59,0.71,0.77,0.9,0.9,0.86,0.81,0.93,1.0,1.24,1.34,1.27,1.4,1.32,1.21,1.12,1.28,1.09,1.12,1.14,1.12,1.13,0.99,1.06,1.09,1.04,0.99,1.0,1.01,1.09,1.12,1.16
54,Equatorial Guinea,GNQ,0.0,0.0,0.0,0.0,0.0,0.0,0.0,0.0,0.0,0.0,0.0,0.0,0.0,0.0,0.0,0.0,0.0,0.0,0.0,0.0,0.0,0.0,0.06,0.08,0.25,0.54,0.33,0.55,0.67,0.87,0.69,1.3,1.47,0.31,1.64,2.05,2.01,1.96,0.45,0.69,0.81,1.23,2.18,1.06,3.14,3.41,3.23,4.03,4.15,6.26,7.47,8.11,9.01,0.0
55,Eritrea,ERI,0.86,0.83,0.81,0.79,0.77,0.75,0.74,0.72,0.61,0.68,0.59,0.57,0.55,0.57,0.0,0.58,0.55,0.51,0.63,0.17,0.16,0.16,0.15,0.16,0.15,0.08,0.11,0.11,0.08,0.06,0.06,0.19,0.33,0.54,1.13,0.87,0.93,0.93,1.07,0.48,0.45,0.43,0.4,0.53,0.62,0.5,0.38,0.33,0.41,0.4,0.38,0.0,0.0,0.0
56,Estonia,EST,0.0,0.0,0.0,0.0,0.0,0.0,0.0,0.0,0.0,0.0,0.0,0.0,0.0,0.0,0.0,0.0,0.0,0.0,0.0,0.0,0.0,0.0,0.0,0.0,0.0,0.0,0.0,0.0,0.0,0.0,0.0,0.0,0.0,0.0,0.0,0.0,0.0,0.0,0.0,0.0,0.0,4.99,4.75,5.35,6.04,6.48,6.5,6.02,5.68,5.87,0.0,0.0,0.0,0.0
57,Ethiopia,ETH,0.86,0.86,0.85,0.84,0.89,0.88,0.84,0.81,0.82,0.83,0.84,0.78,0.7,0.7,0.58,0.48,0.79,0.61,0.84,0.78,0.76,0.65,0.83,0.58,0.54,0.53,0.54,0.56,0.67,0.67,0.49,0.46,0.48,0.43,0.49,0.5,0.52,0.5,0.51,0.19,0.2,0.2,0.19,0.22,0.25,0.34,0.36,0.34,0.32,0.36,0.35,0.78,0.78,0.0
58,Fiji,FJI,0.69,0.59,0.57,0.72,0.74,0.76,0.75,0.88,1.01,1.22,1.37,1.55,1.72,2.04,2.07,2.07,2.05,1.99,2.14,2.1,2.1,2.16,2.07,1.97,1.86,1.65,1.51,1.59,1.78,2.16,2.03,1.91,1.82,1.72,1.63,1.72,1.7,1.7,1.79,1.76,1.67,1.67,1.47,1.44,1.42,1.37,1.36,1.35,1.34,1.35,0.0,0.0,0.0,0.0
59,Finland,FIN,0.57,0.61,0.64,0.69,0.78,0.88,1.01,1.28,2.86,2.69,2.78,3.04,3.09,3.24,3.11,3.12,3.18,3.15,3.21,3.26,3.25,3.17,3.23,3.35,3.48,3.7,3.88,4.23,4.55,4.78,4.82,4.89,4.71,4.56,4.48,4.43,4.51,4.38,4.34,4.27,4.37,4.43,4.37,4.57,4.59,4.57,4.7,4.62,4.54,4.47,4.61,4.27,4.28,4.22
60,France,FRA,2.53,1.82,2.47,2.76,2.63,2.71,2.73,2.67,2.71,2.75,2.78,2.67,2.94,2.91,2.95,3.19,3.01,2.94,2.94,2.85,2.82,2.79,2.78,2.62,2.54,2.55,2.45,2.47,2.56,2.6,2.53,2.56,2.44,2.45,2.43,2.45,2.29,2.38,2.39,2.08,2.15,2.25,2.29,2.24,2.3,2.4,2.3,2.2,2.2,2.2,2.1,2.1,1.8,2.3
61,Gabon,GAB,1.75,1.71,1.47,2.69,1.81,1.63,1.81,0.85,1.15,1.65,2.02,2.23,2.47,3.13,4.19,4.52,5.34,5.84,5.82,6.21,6.05,7.56,7.59,7.62,8.33,7.87,7.17,8.25,6.49,7.02,7.8,6.29,5.86,5.15,6.61,5.73,5.69,5.54,5.89,5.88,6.05,5.36,4.87,4.87,5.33,5.55,5.81,6.24,6.08,5.96,5.79,5.83,6.22,0.0
62,Gambia,GMB,0.12,0.12,0.11,0.11,0.11,0.1,0.09,0.09,0.1,0.09,0.1,0.09,0.09,0.08,0.05,0.04,0.03,0.04,0.05,0.02,0.03,0.05,0.06,0.04,0.06,0.08,0.07,0.07,0.06,0.05,0.03,0.05,0.05,0.05,0.01,0.05,0.05,0.04,0.17,0.2,0.19,0.2,0.23,0.25,0.23,0.24,0.24,0.18,0.17,0.17,0.27,0.0,0.0,0.0
63,Georgia,GEO,0.0,0.0,0.0,0.0,0.0,0.0,0.0,0.0,0.0,0.0,0.0,0.0,0.0,0.0,0.0,0.0,0.0,0.0,0.0,0.0,0.0,0.0,0.0,0.0,0.0,0.0,0.0,0.0,0.0,0.0,0.0,0.04,0.06,0.11,0.29,0.18,0.15,0.14,0.17,0.41,0.45,0.5,0.56,0.59,0.78,0.86,1.07,1.15,0.87,1.36,1.84,1.2,1.28,1.51
64,Germany,DEU,6.47,6.86,7.26,7.85,7.88,8.14,8.21,8.34,8.99,9.14,9.38,9.43,9.49,9.45,9.42,9.51,9.29,9.02,8.93,8.95,8.98,9.0,8.97,8.67,8.66,8.68,8.52,8.45,8.47,8.51,8.09,8.22,7.48,7.61,7.52,7.29,7.24,7.02,7.57,7.16,6.71,6.67,6.43,6.29,6.42,6.52,6.27,6.14,6.13,6.01,5.94,5.93,5.81,5.86
65,Ghana,GHA,0.3,0.3,0.3,0.32,0.29,0.34,0.3,0.26,0.28,0.39,0.45,0.43,0.44,0.48,0.39,0.47,0.41,0.32,0.37,0.3,0.3,0.3,0.32,0.29,0.34,0.3,0.26,0.28,0.39,0.37,0.32,0.35,0.32,0.32,0.32,0.34,0.35,0.37,0.38,0.41,0.34,0.41,0.4,0.42,0.43,0.49,0.48,0.48,0.47,0.48,0.47,0.0,0.0,0.0
66,Greece,GRC,0.0,0.0,2.33,2.26,2.45,2.45,2.4,2.4,2.46,2.48,0.98,2.54,2.55,2.11,1.27,1.9,1.38,1.7,1.99,1.7,1.92,1.9,1.86,1.99,2.11,2.2,2.26,2.45,2.4,2.48,2.46,2.45,2.55,2.54,2.4,2.33,2.32,2.49,2.54,2.4,2.35,2.38,2.25,2.22,2.21,2.27,2.39,2.42,2.28,2.25,2.11,2.11,2.11,2.07
67,Grenada,GRD,0.0,0.0,0.0,0.0,0.0,0.0,0.0,0.0,0.0,0.0,0.0,0.0,0.0,0.0,0.0,0.0,0.0,0.0,0.0,0.0,0.0,0.0,0.0,0.0,0.0,0.0,0.0,0.0,0.0,1.6,1.55,1.74,1.2,1.6,1.55,1.36,1.44,1.37,1.77,3.5,3.52,3.47,3.73,3.62,3.87,4.16,4.0,3.86,3.54,3.55,3.54,3.57,3.58,3.59
68,Guatemala,GTM,0.33,0.31,0.35,0.38,0.42,0.43,0.42,0.42,0.45,0.47,0.51,0.53,0.61,0.68,0.73,0.77,0.78,0.9,0.88,0.85,0.94,0.84,0.73,0.75,0.77,0.65,0.82,0.87,0.62,0.66,0.65,0.69,0.65,0.66,0.82,0.88,0.82,0.86,0.68,1.11,1.06,1.0,1.11,1.18,1.12,1.12,1.1,0.94,0.85,0.87,0.91,0.99,0.98,0.99
69,Guinea,GIN,0.16,0.16,0.16,0.16,0.15,0.15,0.15,0.15,0.14,0.14,0.14,0.14,0.14,0.11,0.12,0.13,0.14,0.12,0.07,0.06,0.05,0.04,0.04,0.04,0.05,0.07,0.08,0.08,0.06,0.05,0.15,0.15,0.15,0.14,0.06,0.05,0.11,0.14,0.13,0.15,0.15,0.17,0.16,0.16,0.16,0.12,0.15,0.17,0.15,0.15,0.18,0.0,0.0,0.0
70,Guinea-Bissau,GNB,0.0,0.0,0.0,0.0,0.0,0.13,0.18,0.18,0.31,0.3,0.36,0.37,0.33,0.48,0.47,0.34,0.53,0.25,0.41,0.39,0.53,0.6,0.52,0.54,0.47,0.39,0.4,0.49,0.37,0.51,0.34,0.32,0.36,0.45,0.4,0.23,0.3,0.29,0.21,0.54,0.37,0.32,0.32,0.4,0.43,0.38,0.37,0.31,0.47,0.44,0.5,0.0,0.0,0.0
71,Guyana,GUY,0.72,0.63,0.55,0.62,0.76,0.88,0.97,0.79,0.94,0.85,0.86,0.94,1.08,1.07,1.24,1.73,1.93,1.71,1.63,1.78,1.58,1.21,0.88,0.98,1.17,1.33,0.93,1.31,1.04,1.06,1.2,1.36,1.36,0.97,0.81,1.09,1.15,1.14,1.2,1.59,1.58,1.66,1.39,1.33,1.33,1.45,1.51,1.55,1.65,1.74,1.8,1.86,1.9,1.92
72,Haiti,HTI,0.01,0.01,0.01,0.0,0.0,0.0,0.0,0.0,0.0,0.01,0.01,0.01,0.01,0.01,0.01,0.01,0.0,0.0,0.0,0.0,0.0,0.0,0.0,0.0,0.0,0.0,0.01,0.01,0.03,0.03,0.02,0.01,0.01,0.01,0.02,0.01,0.02,0.02,0.04,0.03,0.03,0.03,0.01,0.01,0.01,0.02,0.01,0.01,0.01,0.01,0.01,0.01,0.01,0.0
73,Honduras,HND,0.6,0.63,0.58,0.69,0.72,0.69,0.67,0.71,0.78,0.86,0.92,0.97,0.99,0.94,0.93,0.69,0.88,0.97,1.11,1.05,0.96,0.88,1.0,1.05,0.94,1.0,1.02,1.13,1.17,1.35,1.22,1.27,1.38,1.23,1.3,1.28,1.54,1.44,1.39,1.34,1.33,1.41,1.38,1.27,1.27,1.28,1.3,1.33,1.33,1.36,1.38,1.41,1.43,1.46
74,Hungary,HUN,2.59,2.61,2.71,2.78,2.88,3.0,3.2,3.27,3.44,3.75,3.79,3.6,3.86,4.19,4.54,4.81,5.1,5.47,5.5,5.51,5.73,5.76,5.69,5.59,5.92,6.37,6.42,6.5,6.55,6.59,6.26,5.81,5.08,5.15,4.56,4.29,4.16,4.13,4.1,4.3,4.25,4.34,4.47,4.34,4.3,4.38,4.58,4.28,4.26,3.91,4.05,4.08,3.79,0.0
75,Iceland,ISL,0.62,0.69,0.7,0.74,0.76,0.78,0.94,0.82,0.79,0.98,1.03,1.07,1.15,1.07,0.85,0.93,1.01,1.0,1.01,0.99,1.06,1.02,1.11,1.17,1.16,1.07,1.08,1.07,1.83,1.69,1.56,1.43,1.47,1.81,2.02,2.19,2.39,2.62,2.87,3.03,3.12,3.29,3.35,3.49,3.67,3.78,3.95,4.65,5.53,4.98,4.89,4.62,4.43,4.59
76,India,IND,0.0,0.0,0.0,0.0,0.0,0.0,0.0,0.0,0.0,0.0,0.01,0.01,0.01,0.01,0.01,0.01,0.01,0.01,0.02,0.01,0.02,0.02,0.02,0.02,0.02,0.02,0.01,0.01,0.02,0.02,0.02,0.02,0.01,0.02,0.02,0.03,0.03,0.03,0.03,0.07,0.07,0.07,0.08,0.08,0.09,0.11,0.13,0.14,0.15,0.17,0.18,0.19,0.21,0.21
77,Indonesia,IDN,0.0,0.0,0.0,0.0,0.0,0.0,0.01,0.01,0.01,0.01,0.02,0.02,0.03,0.03,0.03,0.03,0.03,0.03,0.03,0.03,0.04,0.04,0.05,0.02,0.03,0.03,0.03,0.03,0.04,0.04,0.04,0.03,0.05,0.03,0.06,0.06,0.05,0.05,0.04,0.06,0.06,0.05,0.05,0.05,0.06,0.06,0.06,0.06,0.06,0.07,0.06,0.06,0.07,0.07
78,Iran,IRN,0.03,0.03,0.02,0.02,0.04,0.05,0.03,0.08,0.09,0.09,0.09,0.1,0.12,0.12,0.12,0.13,0.15,0.14,0.02,0.0,0.0,0.0,0.0,0.0,0.0,0.0,0.0,0.0,0.0,0.0,0.0,0.0,0.0,0.0,0.0,0.0,0.0,0.0,0.0,0.0,0.0,0.0,0.0,0.0,0.0,0.0,0.0,0.0,0.0,0.0,0.0,0.0,0.0,0.0
79,Iraq,IRQ,0.05,0.04,0.04,0.04,0.05,0.06,0.06,0.06,0.06,0.07,0.08,0.09,0.1,0.1,0.16,0.15,0.15,0.23,0.29,0.21,0.27,0.33,0.26,0.29,0.28,0.29,0.31,0.31,0.32,0.36,0.16,0.2,0.28,0.28,0.28,0.2,0.19,0.19,0.18,0.2,0.16,0.14,0.06,0.3,0.15,0.0,0.11,0.13,0.15,0.14,0.12,0.0,0.0,0.0
80,Ireland,IRL,0.0,0.0,5.6,5.82,5.74,5.95,6.0,6.56,6.79,7.3,7.84,8.34,9.15,9.44,9.35,8.94,8.7,8.8,8.88,8.78,8.38,8.27,7.73,7.74,7.72,7.56,7.49,7.67,8.07,8.41,8.47,8.9,8.52,9.02,9.16,9.53,9.96,9.93,9.94,8.01,7.88,7.67,7.31,7.1,6.99,6.87,6.74,6.31,5.84,5.73,5.5,5.37,4.99,5.13
81,Israel,ISR,1.01,1.04,1.07,1.04,1.07,1.07,0.88,1.02,1.07,1.13,1.13,1.07,1.12,1.09,1.12,1.16,1.05,1.12,1.07,1.0,1.06,1.03,1.02,0.98,1.11,0.93,0.96,0.95,0.87,0.94,0.85,0.85,0.99,0.86,0.91,0.89,0.93,0.91,0.89,1.12,1.05,0.92,0.79,0.76,0.88,0.78,0.97,1.02,1.05,1.15,1.22,1.28,1.29,1.34
82,Italy,ITA,0.4,0.49,0.54,0.55,0.57,0.65,0.69,0.71,0.73,0.75,0.73,0.8,1.04,0.98,0.84,0.93,0.91,0.97,1.09,1.07,1.15,1.31,1.32,1.19,1.37,1.43,1.43,1.42,1.31,1.5,1.48,1.53,1.48,1.54,1.49,1.41,1.49,1.57,1.58,1.64,1.69,1.64,1.75,1.72,1.73,1.76,1.81,1.71,1.63,1.66,1.69,1.7,1.7,1.73
83,Jamaica,JAM,0.9,1.03,0.91,1.08,1.26,1.4,1.47,1.62,1.95,2.14,2.12,2.46,2.55,2.41,2.7,2.39,2.12,2.27,1.84,2.2,1.85,1.85,1.86,1.52,1.66,1.67,1.92,2.02,2.3,2.42,2.25,2.36,2.26,1.96,1.81,1.83,1.71,1.69,1.58,1.64,1.81,1.74,1.56,1.55,1.5,1.56,1.65,1.63,1.39,1.33,1.35,1.35,1.39,1.42
84,Japan,JPN,0.99,0.99,1.13,1.27,1.23,1.31,1.49,1.45,1.62,1.72,1.75,1.94,2.1,1.96,2.08,1.96,2.24,2.28,2.39,2.3,2.37,2.43,2.46,2.33,2.33,2.47,2.64,2.84,2.91,3.0,3.28,3.3,3.31,3.55,3.23,3.24,3.13,2.87,2.7,2.5,2.21,1.97,1.81,1.75,1.72,1.67,1.63,1.48,1.39,1.33,1.39,1.37,1.39,0.0
85,Jordan,JOR,0.06,0.06,0.07,0.07,0.07,0.09,0.07,0.08,0.08,0.08,0.07,0.08,0.1,0.11,0.14,0.15,0.2,0.25,0.3,0.24,0.23,0.24,0.22,0.17,0.15,0.13,0.14,0.13,0.13,0.18,0.13,0.1,0.15,0.14,0.14,0.15,0.14,0.14,0.14,0.07,0.15,0.14,0.13,0.15,0.16,0.18,0.18,0.19,0.19,0.1,0.04,0.05,0.05,0.06
86,Kazakhstan,KAZ,0.0,0.0,0.0,0.0,0.0,0.0,0.0,0.0,0.0,0.0,0.0,0.0,0.0,0.0,0.0,0.0,0.0,0.0,0.0,0.0,0.0,0.0,0.0,0.0,0.0,0.0,0.0,0.0,0.0,1.32,1.38,1.04,0.78,0.66,0.46,0.34,0.43,0.42,0.4,0.85,0.99,1.16,1.37,1.52,1.92,2.22,2.59,2.88,1.93,2.11,1.93,2.06,2.0,1.87
87,Kenya,KEN,2.1,2.14,2.12,2.15,2.04,2.36,2.4,2.22,2.03,2.21,2.2,2.22,2.34,2.27,2.18,2.18,2.22,2.17,1.92,1.91,1.41,1.11,0.94,1.08,1.34,1.33,1.37,1.45,1.4,1.38,1.22,1.32,1.1,0.92,1.0,0.81,0.78,0.75,0.56,0.7,0.67,0.66,0.55,0.65,0.84,0.81,0.94,1.05,1.04,0.96,0.91,0.95,0.91,0.0
88,Kiribati,KIR,0.23,0.19,0.29,0.38,0.38,0.59,0.56,0.56,0.57,0.66,0.7,0.95,0.7,1.58,0.79,0.78,0.8,0.88,1.0,0.97,0.7,0.63,0.5,0.41,0.39,0.46,0.49,0.39,0.41,0.32,0.5,0.5,0.5,0.48,0.63,0.63,0.53,0.59,0.56,0.39,0.42,0.45,0.4,0.43,0.56,0.63,0.49,0.42,0.47,0.44,0.43,0.0,0.0,0.0
89,Kuwait,KWT,0.0,0.0,0.0,0.0,0.0,0.0,0.0,0.0,0.0,0.0,0.0,0.0,0.0,0.0,0.0,0.0,0.0,0.0,0.0,0.0,0.0,0.0,0.0,0.0,0.0,0.0,0.0,0.0,0.0,0.0,0.0,0.0,0.0,0.0,0.0,0.0,0.0,0.0,0.0,0.0,0.0,0.0,0.02,0.0,0.0,0.0,0.01,0.02,0.09,0.0,0.01,0.0,0.0,0.0
90,Kyrgyzstan,KGZ,0.0,0.0,0.0,0.0,0.0,0.0,0.0,0.0,0.0,0.0,0.0,0.0,0.0,0.0,0.0,0.0,0.0,0.0,0.0,0.0,0.0,0.0,0.0,0.0,0.87,0.65,0.71,0.73,0.62,0.6,0.53,0.56,0.36,0.24,0.26,0.3,0.29,0.32,0.23,0.26,0.25,0.26,0.36,0.59,0.64,0.61,0.76,0.64,0.56,0.63,0.68,0.0,0.0,0.0
91,Laos,LAO,0.08,0.09,0.05,0.04,0.05,0.04,0.04,0.06,0.11,0.13,0.03,0.05,0.04,0.0,0.0,0.0,0.0,0.0,0.0,0.0,0.0,0.0,0.0,0.0,0.0,0.0,0.01,0.01,1.33,0.12,0.21,0.21,0.26,0.28,0.37,0.47,0.67,0.76,0.74,0.84,0.93,1.01,1.11,1.22,1.4,1.49,1.74,2.02,2.15,2.39,2.55,0.0,0.0,0.0
92,Latvia,LVA,0.0,0.0,0.0,0.0,0.0,0.0,0.0,0.0,0.0,0.0,0.0,0.0,0.0,0.0,0.0,0.0,0.0,0.0,0.0,2.35,2.4,2.43,2.47,2.01,1.68,1.36,1.46,1.69,1.44,1.01,1.15,1.25,1.22,1.27,1.74,1.65,1.62,1.61,2.11,1.97,2.12,2.74,2.97,3.69,3.8,4.09,4.15,4.12,4.35,4.57,4.89,4.67,4.67,0.0
93,Lebanon,LBN,0.31,0.31,0.3,0.29,0.28,0.29,0.3,0.3,0.31,0.32,0.33,0.33,0.35,0.39,0.37,0.41,0.37,0.41,0.43,0.47,0.48,0.47,0.44,0.44,0.43,0.42,0.42,0.41,0.42,0.24,0.42,0.25,0.34,0.41,0.37,0.35,0.33,0.31,0.32,0.44,0.44,0.44,0.44,0.45,0.41,0.38,0.39,0.39,0.39,0.41,0.35,0.33,0.32,0.39
94,Lesotho,LSO,0.97,0.96,0.95,1.04,0.99,0.99,0.87,0.86,0.77,0.87,0.97,0.0,0.7,1.28,0.63,0.5,1.0,1.56,1.34,1.43,1.39,0.9,1.43,1.22,1.07,0.86,0.75,0.79,0.63,1.05,1.01,1.01,0.97,0.96,0.94,0.91,0.89,0.86,0.84,1.54,1.57,1.48,1.37,1.31,1.26,1.23,1.3,1.35,1.33,1.49,1.5,0.0,0.0,0.0
95,Liberia,LBR,0.35,0.55,0.38,0.21,0.37,0.53,0.42,0.37,0.36,0.35,0.44,0.42,0.44,0.59,0.63,0.6,0.7,0.73,0.84,0.72,0.64,0.5,0.46,0.64,0.6,0.59,0.46,0.51,0.42,0.21,0.18,0.41,0.19,0.32,0.41,0.2,0.32,0.24,0.21,0.17,0.17,0.15,0.15,0.25,0.29,0.3,0.34,0.34,0.34,0.33,0.49,0.0,0.0,0.0
96,Libya,LBY,0.22,0.24,0.24,0.26,0.24,0.32,0.34,0.44,0.36,0.04,0.03,0.0,0.0,0.0,0.0,0.0,0.0,0.0,0.0,0.0,0.0,0.0,0.0,0.0,0.0,0.0,0.0,0.0,0.0,0.0,0.0,0.0,0.0,0.0,0.0,0.0,0.0,0.0,0.01,0.0,0.0,0.0,0.0,0.0,0.0,0.01,0.0,0.0,0.01,0.0,0.0,0.0,0.0,0.0
97,Lithuania,LTU,0.0,0.0,0.0,0.0,0.0,0.0,0.0,0.0,0.0,0.0,0.0,0.0,0.0,0.0,0.0,0.0,0.0,0.0,0.0,0.0,0.0,0.0,0.0,0.0,0.0,0.0,0.0,0.0,0.0,2.62,2.46,2.12,2.17,2.21,2.08,2.1,2.5,2.91,3.42,3.78,4.0,4.66,4.58,4.62,5.8,6.0,5.6,5.4,5.4,6.0,5.43,5.6,5.26,5.46
98,Luxembourg,LUX,4.5,4.34,4.86,5.31,5.25,5.43,5.47,5.5,5.85,5.95,6.08,6.05,6.22,6.18,6.18,6.35,6.15,5.98,5.93,5.9,5.9,5.9,5.87,5.64,5.6,5.62,5.48,5.46,5.51,5.56,5.31,5.39,4.96,5.03,4.98,4.87,4.77,4.7,4.98,4.62,4.43,4.46,4.36,4.27,4.36,4.46,4.29,4.17,4.17,4.11,4.02,4.02,3.8,4.08
99,Macedonia,MKD,0.0,0.0,0.0,0.0,0.0,0.0,0.0,0.0,0.0,0.0,0.0,0.0,0.0,0.0,0.0,0.0,0.0,0.0,0.0,0.0,0.0,0.0,0.0,0.0,0.0,0.0,0.0,0.0,0.0,0.0,0.0,2.68,2.39,2.27,1.98,2.01,1.69,2.01,1.92,0.46,0.55,0.9,0.9,0.98,0.85,0.89,0.92,0.88,0.84,0.75,0.59,0.64,0.59,0.59
100,Madagascar,MDG,0.08,0.09,0.1,0.09,0.12,0.12,0.13,0.14,0.15,0.14,0.15,0.14,0.16,0.19,0.22,0.26,0.27,0.24,0.26,0.29,0.18,0.16,0.2,0.18,0.19,0.19,0.18,0.15,0.16,0.23,0.17,0.16,0.16,0.15,0.16,0.22,0.14,0.18,0.35,0.4,0.41,0.28,0.38,0.36,0.34,0.34,0.38,0.37,0.4,0.53,0.5,0.45,0.42,0.0
101,Malawi,MWI,1.6,0.04,0.04,0.04,0.06,0.06,0.07,0.11,0.15,0.11,0.13,0.14,0.14,0.13,0.13,0.13,0.11,0.16,0.12,0.17,0.13,0.16,0.17,0.1,0.19,0.16,0.08,0.08,0.11,0.2,0.16,0.32,0.1,0.14,0.14,0.11,0.13,0.12,0.13,0.16,0.15,0.15,0.14,0.14,0.14,0.14,0.14,0.14,0.15,0.15,0.15,0.0,0.0,0.0
102,Malaysia,MYS,0.4,0.34,0.31,0.29,0.34,0.34,0.32,0.31,0.3,0.27,0.27,0.25,0.33,0.4,0.36,0.4,0.41,0.47,0.55,0.61,0.58,0.62,0.49,0.5,0.51,0.47,0.45,0.48,0.52,0.6,0.57,0.7,0.7,0.72,0.74,0.74,0.81,0.85,0.85,0.45,0.41,0.41,0.4,0.41,0.38,0.34,0.34,0.37,0.37,0.38,0.39,0.41,0.4,0.39
103,Maldives,MDV,0.0,0.0,0.0,0.0,0.0,0.0,0.0,0.0,0.0,0.0,0.0,0.0,0.0,0.0,0.0,0.0,0.0,0.0,0.0,0.0,0.0,0.0,0.0,0.0,0.0,0.0,0.0,0.0,0.0,0.0,0.0,0.0,0.0,0.0,0.0,0.0,0.0,0.0,0.0,0.5,0.44,0.42,0.48,0.56,0.4,0.53,0.56,0.54,0.46,0.5,0.5,0.0,0.0,0.0
104,Mali,MLI,0.01,0.01,0.01,0.01,0.01,0.01,0.01,0.01,0.01,0.03,0.02,0.03,0.03,0.03,0.03,0.02,0.04,0.03,0.01,0.02,0.03,0.03,0.02,0.01,0.01,0.01,0.01,0.01,0.01,0.01,0.02,0.02,0.01,0.01,0.01,0.0,0.0,0.0,0.0,0.07,0.07,0.07,0.07,0.07,0.07,0.07,0.07,0.07,0.08,0.08,0.08,0.0,0.0,0.0
105,Malta,MLT,0.91,0.9,1.05,0.89,1.16,1.12,1.36,1.29,1.52,1.47,1.59,1.52,1.68,1.6,1.88,1.9,1.88,1.84,1.87,1.97,2.25,2.13,1.84,2.03,1.95,1.78,2.36,3.09,3.08,3.07,3.03,3.02,3.01,3.0,2.89,2.92,2.68,2.59,2.7,2.83,2.72,2.61,1.83,1.86,1.7,2.15,2.37,2.66,2.71,2.89,2.58,3.07,2.9,2.88
106,Mauritania,MRT,0.04,0.04,0.04,0.03,0.03,0.02,0.03,0.02,0.02,0.03,0.02,0.02,0.02,0.02,0.02,0.03,0.02,0.04,0.02,0.03,0.01,0.01,0.01,0.01,0.01,0.0,0.0,0.0,0.0,0.01,0.01,0.0,0.0,0.0,0.0,0.0,0.0,0.0,0.0,0.0,0.0,0.0,0.0,0.0,0.0,0.0,0.0,0.0,0.0,0.0,0.0,0.0,0.0,0.0
107,Mauritius,MUS,0.76,0.77,0.7,0.69,0.56,0.57,0.61,0.53,0.47,0.49,0.55,0.66,0.7,0.85,0.98,1.08,1.23,1.14,1.02,0.99,0.93,0.97,1.02,1.02,1.12,1.19,1.57,1.64,1.6,1.86,1.98,1.9,1.86,1.77,1.9,1.92,2.06,2.16,2.19,2.21,2.15,1.92,2.0,1.99,1.96,1.81,1.79,1.57,1.98,1.81,1.85,0.0,0.0,0.0
108,Mexico,MEX,1.84,1.78,1.74,2.04,2.14,2.18,2.23,2.21,2.33,2.36,2.04,2.34,2.61,2.89,2.78,2.68,2.86,2.89,3.15,3.21,3.32,3.17,2.71,2.68,2.8,2.97,3.05,3.16,3.57,3.51,3.56,3.75,3.99,3.91,3.96,4.13,3.69,3.73,3.79,3.67,3.65,3.6,3.68,3.71,3.81,3.94,4.09,4.09,4.04,3.92,4.0,4.0,3.85,3.87
109,Micronesia (country),FSM,0.0,0.0,0.0,0.0,0.0,0.0,0.0,0.0,0.0,0.0,0.0,0.0,0.0,0.0,0.0,0.0,0.0,0.0,0.0,0.0,0.0,0.0,0.0,0.0,0.0,0.0,0.0,0.0,0.0,0.0,0.0,0.0,0.0,0.0,3.71,3.65,3.61,3.58,3.54,2.14,2.74,2.67,3.04,1.69,1.49,0.71,0.72,1.03,1.18,0.86,0.9,1.03,0.89,0.92
110,Moldova,MDA,0.0,0.0,0.0,0.0,0.0,0.0,0.0,0.0,0.0,0.0,0.0,0.0,0.0,0.0,0.0,0.0,0.0,0.0,0.0,0.0,0.0,0.0,0.0,0.0,0.0,0.0,0.0,0.0,0.0,0.0,0.0,0.56,0.47,0.38,0.45,0.36,0.38,0.44,0.31,0.48,0.64,0.86,1.08,1.39,1.61,1.88,2.16,2.22,1.83,1.89,2.11,2.28,2.1,1.92
111,Mongolia,MNG,0.14,0.14,0.15,0.13,0.12,0.13,0.12,0.13,0.13,0.11,0.11,0.12,0.29,0.39,0.4,0.41,0.41,0.41,0.44,0.47,0.49,0.42,0.4,0.41,0.36,0.26,0.19,0.18,0.24,0.24,0.1,0.11,0.14,0.28,0.16,0.13,0.37,0.59,0.35,0.61,0.53,0.51,0.13,0.53,0.3,0.5,0.9,0.9,1.1,1.6,0.0,0.0,0.0,0.0
112,Montenegro,MNE,0.0,0.0,0.0,0.0,0.0,0.0,0.0,0.0,0.0,0.0,0.0,0.0,0.0,0.0,0.0,0.0,0.0,0.0,0.0,0.0,0.0,0.0,0.0,0.0,0.0,0.0,0.0,0.0,0.0,0.0,0.0,0.0,0.0,0.0,0.0,0.0,0.0,0.0,0.0,0.0,0.0,0.0,0.0,0.0,0.0,0.02,0.48,0.7,0.7,0.73,0.72,0.0,0.0,0.0
113,Morocco,MAR,0.33,0.25,0.22,0.29,0.25,0.3,0.27,0.25,0.3,0.35,0.32,0.32,0.34,0.31,0.34,0.31,0.35,0.3,0.29,0.32,0.43,0.29,0.26,0.27,0.27,0.35,0.4,0.39,0.33,0.29,0.38,0.42,0.28,0.33,0.37,0.29,0.2,0.37,0.29,0.21,0.23,0.24,0.22,0.23,0.23,0.22,0.22,0.24,0.23,0.2,0.19,0.18,0.18,0.16
114,Mozambique,MOZ,0.15,0.16,0.18,0.23,0.2,0.23,0.25,0.29,0.36,0.42,0.47,0.56,0.67,0.64,0.47,0.43,0.34,0.32,0.32,0.41,0.39,0.19,0.18,0.12,0.1,0.18,0.11,0.09,0.19,0.25,0.36,0.24,0.22,0.28,0.39,0.33,0.23,0.29,0.32,0.52,0.5,0.43,0.45,0.49,0.51,0.51,0.55,0.59,0.57,0.61,0.69,0.73,0.75,0.0
115,Myanmar,MMR,0.01,0.01,0.01,0.01,0.01,0.01,0.01,0.01,0.01,0.01,0.01,0.01,0.01,0.01,0.01,0.01,0.01,0.01,0.01,0.01,0.01,0.01,0.01,0.01,0.01,0.01,0.0,0.01,0.02,0.01,0.01,0.01,0.02,0.03,0.05,0.04,0.03,0.03,0.03,0.1,0.1,0.12,0.12,0.13,0.12,0.11,0.11,0.12,0.13,0.14,0.16,0.34,0.44,0.0
116,Namibia,NAM,0.0,0.0,0.0,0.0,0.0,0.0,0.0,0.0,0.0,0.0,0.0,0.0,0.0,0.0,0.0,0.0,0.0,0.0,0.0,0.0,0.0,0.0,0.0,0.0,0.0,0.0,0.0,0.0,0.0,0.0,0.0,0.0,0.0,0.0,0.0,0.0,1.12,1.04,0.45,3.6,3.43,3.57,3.29,3.18,3.36,3.57,3.75,5.94,7.64,7.16,7.3,0.0,0.0,0.0
117,Nauru,NRU,0.0,0.0,0.0,0.0,0.0,0.0,0.0,0.0,0.0,0.0,0.0,0.0,0.0,0.0,0.0,0.0,0.0,0.0,0.0,0.0,0.0,0.0,0.0,0.0,0.0,0.0,0.0,0.0,0.0,0.0,0.0,0.0,0.0,0.0,0.0,0.0,0.0,0.0,3.0,3.21,2.0,0.91,0.79,0.95,0.95,0.94,0.94,0.94,0.94,0.94,0.0,0.0,0.0,0.0
118,Nepal,NPL,0.0,0.0,0.0,0.0,0.0,0.0,0.0,0.0,0.0,0.0,0.0,0.0,0.0,0.0,0.0,0.0,0.0,0.0,0.01,0.01,0.01,0.01,0.01,0.02,0.01,0.01,0.02,0.02,0.03,0.03,0.05,0.05,0.06,0.06,0.07,0.07,0.08,0.08,0.07,0.07,0.08,0.08,0.08,0.08,0.08,0.07,0.08,0.08,0.1,0.12,0.14,0.13,0.15,0.0
119,Netherlands,NLD,1.88,1.96,2.2,2.45,2.59,2.71,3.08,3.14,3.57,3.95,4.27,4.48,4.98,5.1,5.29,5.57,5.53,5.55,5.52,5.56,5.72,5.2,5.52,5.21,5.24,5.31,5.18,5.11,5.23,5.2,5.11,5.07,4.92,4.98,5.04,5.05,5.16,5.05,5.08,4.99,4.87,4.83,4.81,4.8,4.78,4.77,4.76,4.75,4.37,4.36,4.34,4.37,4.2,0.0
120,New Zealand,NZL,6.71,6.93,7.54,7.6,7.68,8.0,8.19,8.2,8.21,8.56,8.87,8.88,9.14,8.98,9.17,8.63,8.75,8.98,8.26,8.39,8.09,7.98,7.88,7.72,7.58,7.92,7.98,7.54,7.65,7.25,7.04,6.64,6.5,6.49,6.26,6.1,4.43,4.4,4.41,4.22,4.18,4.24,4.17,4.11,4.1,3.94,3.94,4.03,3.78,3.67,3.65,3.38,3.45,3.34
121,Nicaragua,NIC,0.23,0.38,0.35,0.51,0.67,0.59,0.64,0.69,0.55,0.57,0.58,0.5,0.72,0.68,0.65,0.71,0.87,0.8,0.82,0.83,0.84,0.81,0.77,0.77,0.74,0.75,0.7,0.59,0.7,0.78,0.76,0.63,0.73,0.65,0.61,0.48,0.59,0.78,0.86,1.04,1.04,1.04,1.09,1.08,1.13,1.19,1.31,1.38,1.32,1.33,1.33,1.33,1.35,1.39
122,Niger,NER,0.05,0.03,0.05,0.05,0.03,0.03,0.05,0.04,0.04,0.05,0.06,0.07,0.08,0.08,0.08,0.07,0.1,0.13,0.14,0.16,0.18,0.16,0.09,0.11,0.1,0.14,0.12,0.1,0.08,0.08,0.07,0.05,0.06,0.01,0.05,0.04,0.03,0.05,0.04,0.06,0.06,0.05,0.05,0.05,0.05,0.05,0.05,0.05,0.05,0.05,0.05,0.0,0.0,0.0
123,Nigeria,NGA,0.07,0.1,0.13,0.14,0.13,0.12,0.11,0.13,0.15,0.18,0.22,0.28,0.34,0.37,0.49,0.6,0.72,0.44,0.62,0.65,0.5,1.0,1.3,1.25,1.23,1.3,1.49,1.08,1.09,0.71,0.71,0.72,0.71,0.7,0.68,0.67,0.63,0.63,0.77,0.42,0.45,0.45,0.53,0.52,0.54,0.6,0.64,0.64,0.65,0.7,0.74,0.75,0.76,0.0
124,Niue,NIU,0.0,0.0,0.0,0.0,0.0,0.0,0.0,0.0,0.0,0.0,0.0,0.0,0.0,0.0,0.0,0.0,0.0,0.0,0.0,0.0,0.0,0.0,0.0,0.0,0.0,0.0,0.0,0.0,0.0,5.32,4.29,5.34,3.53,4.93,7.09,7.24,3.36,2.72,4.04,4.19,2.15,1.32,2.28,5.04,3.15,3.76,2.1,3.3,3.1,1.9,3.13,0.0,0.0,0.0
125,North Korea,PRK,0.99,0.95,1.0,0.89,0.79,0.67,0.52,0.46,0.42,0.43,0.46,0.43,0.5,0.51,0.47,0.43,0.43,0.46,0.47,0.48,0.41,0.39,0.36,0.37,0.37,0.37,0.37,0.37,0.34,0.36,0.33,0.34,0.3,0.26,0.42,0.48,0.36,0.26,0.18,0.23,0.2,0.2,0.21,0.19,0.2,0.19,0.18,0.14,0.15,0.16,0.15,0.09,0.09,0.0
126,Norway,NOR,1.75,1.67,1.78,1.77,1.85,1.91,1.99,2.15,2.3,2.44,2.59,2.72,2.77,2.89,2.98,2.92,2.96,2.98,2.96,2.77,2.57,2.69,2.57,2.65,2.63,2.83,2.82,2.84,2.78,2.81,2.85,2.76,2.67,2.75,2.75,2.88,2.95,3.17,2.84,2.93,2.82,2.89,2.76,2.96,2.98,3.01,3.02,3.06,2.96,2.91,2.83,2.67,2.68,2.62
127,Oman,OMN,0.0,0.0,0.0,0.0,0.0,0.0,0.0,0.0,0.0,0.0,0.0,0.0,0.0,0.0,0.34,0.35,0.31,0.41,0.45,0.29,0.27,0.23,0.16,0.14,0.12,0.14,0.26,0.28,0.25,0.25,0.31,0.3,0.3,0.29,0.27,0.3,0.3,0.27,0.21,0.13,0.28,0.24,0.21,0.21,0.21,0.22,0.22,0.23,0.23,0.22,0.21,0.2,0.18,0.18
128,Pakistan,PAK,0.01,0.01,0.01,0.01,0.01,0.01,0.01,0.01,0.01,0.01,0.0,0.0,0.0,0.0,0.0,0.0,0.0,0.01,0.01,0.01,0.01,0.01,0.01,0.01,0.01,0.01,0.01,0.01,0.01,0.01,0.01,0.01,0.01,0.01,0.01,0.01,0.01,0.01,0.01,0.0,0.0,0.0,0.0,0.0,0.0,0.0,0.0,0.0,0.0,0.0,0.0,0.0,0.0,0.0
129,Panama,PAN,1.59,1.64,1.77,1.74,1.8,1.84,1.87,1.75,1.94,1.95,1.96,1.43,1.7,1.86,1.94,1.92,1.53,1.8,2.25,2.6,2.61,2.6,2.5,2.52,2.64,2.98,3.19,2.66,3.1,3.72,3.8,3.49,3.54,3.67,3.6,3.39,3.59,3.89,3.92,3.41,3.37,3.35,3.39,3.6,3.59,3.8,4.17,4.61,4.78,4.82,4.91,5.01,5.11,5.23
130,Papua New Guinea,PNG,0.18,0.18,0.25,0.28,0.28,0.33,0.42,0.45,0.5,0.67,0.87,0.8,0.82,0.97,1.12,1.12,1.35,1.4,1.34,1.4,1.24,1.34,1.14,1.12,1.19,1.15,1.16,1.12,0.99,1.0,1.01,1.0,0.76,0.97,0.94,0.57,0.82,0.75,0.8,0.59,0.63,0.59,0.57,0.56,0.81,0.61,0.68,0.76,0.79,0.76,0.85,0.0,0.0,0.0
131,Paraguay,PRY,0.28,0.26,0.35,0.3,0.31,0.38,0.38,0.4,0.43,0.61,0.55,0.59,0.66,0.78,0.9,0.96,1.35,1.47,1.7,1.78,1.68,1.69,1.68,1.74,1.73,1.94,1.92,1.83,2.03,2.21,2.38,2.31,3.47,4.04,4.35,4.05,3.81,4.13,4.11,3.79,4.2,3.7,3.67,3.48,3.48,2.35,2.4,2.4,2.19,2.39,2.61,2.71,2.57,0.0
132,Peru,PER,1.11,1.21,1.0,1.19,1.21,1.43,1.41,1.41,1.46,1.43,1.74,1.72,1.91,2.06,2.25,2.58,2.3,1.88,2.11,2.41,2.26,2.34,2.14,2.14,2.21,2.81,3.12,2.49,1.89,1.82,2.08,2.4,2.36,2.6,2.57,2.39,2.34,2.02,1.86,1.69,1.7,1.75,1.69,1.66,1.92,2.07,2.36,2.73,2.71,2.7,2.75,3.09,3.3,0.0
133,Philippines,PHL,0.35,0.43,0.64,0.62,0.64,0.55,0.7,0.81,0.69,0.78,0.81,0.8,0.73,0.94,0.95,1.11,1.16,3.26,1.26,0.86,0.82,1.08,1.39,1.32,1.62,1.21,1.58,1.04,0.98,1.0,0.9,0.9,0.84,0.8,0.87,0.86,0.86,0.85,0.85,1.18,1.12,1.11,1.21,1.36,1.29,1.15,1.2,1.24,1.23,1.32,1.31,1.28,1.13,1.11
134,Poland,POL,1.76,1.6,1.74,1.75,1.74,1.84,1.96,2.02,2.1,2.16,2.28,2.43,2.41,2.54,2.42,2.39,2.25,2.18,2.02,1.98,1.94,1.84,1.84,1.78,1.73,1.92,1.94,2.0,2.03,2.02,2.47,2.55,2.16,2.37,2.52,2.74,3.16,3.4,3.74,4.14,4.08,4.31,4.51,4.66,5.3,5.9,6.1,6.1,5.9,5.88,6.11,6.46,6.39,6.45
135,Portugal,PRT,0.3,0.27,0.39,0.39,0.5,0.61,0.65,0.73,0.97,0.99,1.19,1.96,2.33,2.35,2.11,2.2,2.71,2.65,2.56,2.94,2.48,2.53,2.31,2.46,2.49,3.0,3.36,4.01,4.23,4.1,4.07,3.94,3.9,4.05,3.92,3.87,3.88,3.8,3.89,3.75,3.65,3.58,3.57,3.7,3.75,3.77,3.7,3.56,3.42,3.37,3.11,2.81,2.79,2.67
136,Qatar,QAT,0.0,0.0,0.0,0.0,0.0,0.0,0.0,0.0,0.0,0.0,0.0,0.03,0.35,0.5,0.08,0.2,0.28,0.5,0.4,0.12,0.26,0.23,0.21,0.19,0.12,0.13,0.12,0.11,0.09,0.07,0.1,0.09,0.11,0.11,0.15,0.15,0.17,0.14,0.13,0.09,0.13,0.21,0.25,0.28,0.35,0.41,0.38,0.36,0.34,0.33,0.32,0.33,0.31,0.31
137,Romania,ROU,0.77,0.84,0.87,0.91,0.98,1.08,1.16,1.21,1.26,1.45,1.63,1.63,1.81,2.06,2.28,2.33,2.33,2.55,2.96,2.99,3.06,3.04,3.02,2.94,2.95,3.19,0.38,3.36,3.34,2.89,2.71,2.78,2.76,2.64,2.46,2.24,2.12,2.76,3.09,3.18,3.12,3.38,3.64,4.24,4.07,4.62,5.44,5.5,4.9,4.5,4.7,5.31,5.11,0.0
138,Russia,RUS,0.0,0.0,0.91,0.9,0.98,1.06,1.09,1.12,1.14,1.19,1.22,1.27,1.35,1.33,1.46,1.5,1.54,1.57,1.53,1.47,1.5,1.54,1.56,1.55,1.55,1.15,1.18,1.29,1.3,1.47,1.44,1.18,1.11,0.97,1.54,1.51,1.56,1.61,1.74,2.18,2.63,2.92,3.1,3.47,3.65,4.1,4.71,4.64,4.18,4.11,4.16,4.2,4.09,4.19
139,Rwanda,RWA,0.0,0.0,0.0,0.0,0.26,0.28,0.29,0.3,0.29,0.33,0.36,0.4,0.43,0.48,0.53,0.68,0.73,0.83,0.68,0.86,0.99,0.97,0.88,0.89,0.93,0.9,0.87,0.83,0.94,0.78,0.94,0.9,1.1,0.75,0.94,0.89,1.02,0.91,0.47,0.58,0.53,0.58,0.44,0.45,0.54,0.63,0.65,0.58,0.71,0.8,0.86,0.0,0.0,0.0
140,Saint Kitts and Nevis,KNA,0.36,0.38,0.48,0.63,0.55,0.53,0.61,0.67,0.8,0.95,0.97,1.06,1.19,0.8,1.08,0.91,1.11,1.11,1.42,1.81,1.8,0.99,1.18,0.96,1.08,1.25,1.98,2.19,2.27,2.58,2.37,2.26,2.46,2.17,2.73,2.33,2.51,3.0,2.86,3.62,3.54,3.09,3.15,3.39,3.85,3.96,3.87,3.81,3.76,3.79,3.78,3.91,3.96,4.01
141,Saint Lucia,LCA,0.21,0.21,0.21,0.33,0.35,0.53,0.43,0.53,0.81,0.99,1.25,0.99,0.89,0.64,0.64,0.59,1.0,2.68,3.14,3.19,3.11,2.71,1.35,1.75,2.12,2.32,1.75,2.37,2.36,2.13,3.27,3.23,3.28,3.84,2.94,2.58,2.48,2.34,3.07,3.22,3.22,3.11,3.36,3.39,3.57,3.82,3.86,3.49,3.28,3.28,3.27,3.28,3.28,3.27
142,Saint Vincent and the Grenadines,VCT,0.0,0.0,0.0,0.0,0.0,0.0,0.0,0.0,0.0,0.0,0.0,0.0,0.0,0.0,0.0,0.0,0.0,0.0,0.0,0.0,0.0,0.0,0.0,0.0,0.0,0.0,0.0,0.0,0.0,0.08,0.19,0.26,0.37,0.37,0.15,0.41,0.45,0.56,0.57,1.96,1.97,1.92,1.84,2.03,2.43,2.59,2.47,2.37,2.29,2.32,2.35,2.34,2.41,2.49
143,Samoa,WSM,0.28,0.29,0.31,0.32,0.63,0.47,0.4,0.4,0.59,0.58,0.85,0.78,1.14,1.2,1.2,1.64,1.6,1.35,1.24,0.58,0.49,1.12,1.88,1.56,1.63,1.51,3.11,2.57,2.54,1.94,1.98,1.57,2.96,2.35,2.06,2.36,1.24,1.65,1.65,2.85,3.26,3.04,3.71,3.3,3.31,3.37,3.6,3.65,2.55,2.57,1.94,0.0,0.0,0.0
144,Sao Tome and Principe,STP,0.5,0.51,0.53,0.54,0.55,1.03,0.99,1.58,1.62,1.31,1.1,1.12,0.19,0.02,0.0,0.0,0.0,0.0,0.0,0.0,0.0,0.0,0.0,0.0,0.0,0.0,0.0,0.0,0.16,0.16,0.12,0.1,0.28,0.65,0.94,1.17,1.31,1.32,1.5,1.17,1.15,1.16,1.14,1.12,1.12,1.01,0.94,0.94,0.89,0.79,0.67,0.0,0.0,0.0
145,Saudi Arabia,SAU,0.0,0.0,0.0,0.0,0.0,0.0,0.0,0.0,0.0,0.0,0.0,0.0,0.0,0.0,0.0,0.0,0.09,0.21,0.23,0.22,0.19,0.32,0.3,0.39,0.25,0.19,0.21,0.21,0.15,0.16,0.21,0.06,0.03,0.05,0.06,0.06,0.06,0.07,0.01,0.0,0.0,0.0,0.0,0.0,0.0,0.0,0.0,0.0,0.0,0.0,0.0,0.0,0.0,0.0
146,Senegal,SEN,0.24,0.24,0.29,0.26,0.24,0.2,0.17,0.18,0.19,0.21,0.22,0.25,0.22,0.21,0.33,0.38,0.46,0.41,0.42,0.32,0.26,0.25,0.26,0.2,0.22,0.2,0.26,0.27,0.28,0.29,0.29,0.28,0.26,0.26,0.26,0.28,0.25,0.27,0.26,0.16,0.16,0.14,0.13,0.16,0.16,0.16,0.17,0.18,0.15,0.14,0.15,0.14,0.14,0.14
147,Serbia,SRB,0.0,0.0,0.0,0.0,0.0,0.0,0.0,0.0,0.0,0.0,0.0,0.0,0.0,0.0,0.0,0.0,0.0,0.0,0.0,0.0,0.0,0.0,0.0,0.0,0.0,0.0,0.0,0.0,0.0,0.0,0.0,0.0,0.0,0.0,0.0,0.0,0.0,0.0,0.0,3.68,3.65,2.91,3.07,3.21,4.77,3.62,3.6,3.47,3.03,2.88,2.93,2.87,2.69,2.61
148,Seychelles,SYC,0.58,0.6,0.74,1.25,1.0,1.2,1.4,1.39,2.08,2.32,2.39,2.38,2.35,2.31,2.25,2.25,2.29,2.43,2.38,2.4,2.26,2.2,2.23,2.2,2.21,2.16,2.18,2.21,2.23,2.89,3.04,3.52,3.67,3.33,3.21,3.19,3.28,3.62,3.42,6.27,6.14,6.5,5.95,5.18,5.21,4.59,4.82,4.54,2.75,2.75,4.9,0.0,0.0,0.0
149,Sierra Leone,SLE,0.18,0.18,0.13,0.11,0.13,0.17,0.14,0.16,0.18,0.17,0.18,0.19,0.24,0.26,0.29,0.29,0.27,0.32,0.22,0.31,0.25,0.17,0.13,0.1,0.15,0.09,0.13,0.11,0.19,0.15,0.13,0.12,0.08,0.08,0.07,0.06,0.06,0.06,0.09,0.13,0.13,0.14,0.14,0.14,0.14,0.15,0.14,0.19,0.19,0.18,0.19,0.0,0.0,0.0
150,Singapore,SGP,1.51,1.0,1.16,1.09,1.18,1.28,1.35,1.3,1.27,1.41,1.49,1.33,1.42,1.38,1.34,1.33,1.21,1.12,1.02,1.07,1.05,1.07,1.05,1.02,1.01,0.98,0.97,0.98,0.97,0.97,1.12,1.21,1.18,1.24,1.26,1.25,1.33,1.32,1.3,1.29,1.34,1.47,1.06,1.07,1.1,1.14,1.13,1.22,1.22,1.29,1.31,1.34,1.23,1.27
151,Slovakia,SVK,5.45,5.7,6.0,6.42,6.75,6.87,6.46,6.72,6.94,7.2,8.32,8.13,7.89,7.51,7.71,7.09,7.56,6.1,6.86,7.82,7.74,8.03,8.13,7.62,6.72,6.88,6.54,6.51,6.32,6.4,6.09,6.08,5.91,6.08,5.65,5.78,5.87,5.37,5.36,4.47,4.32,4.53,4.38,3.99,3.84,3.82,3.92,3.79,3.9,3.42,3.53,3.65,3.41,3.3
152,Slovenia,SVN,0.0,0.0,0.0,0.0,0.0,0.0,0.0,0.0,0.0,0.0,0.0,0.0,0.0,0.0,0.0,0.0,0.0,0.0,0.0,0.0,4.11,4.02,3.54,3.42,3.3,3.71,3.54,3.31,2.72,3.34,3.07,4.86,5.31,5.52,5.53,5.36,5.0,4.59,5.04,5.14,4.65,4.32,4.51,4.51,4.7,5.7,5.7,5.16,5.09,4.59,4.94,4.58,4.56,4.36
153,Solomon Islands,SLB,0.29,0.31,0.34,0.31,0.25,0.31,0.31,0.3,0.34,0.37,0.39,0.41,0.4,0.47,0.48,0.51,0.56,0.55,0.75,0.68,0.72,0.65,0.79,0.98,1.01,0.78,0.58,0.59,0.48,0.59,0.58,0.8,0.24,0.23,0.18,0.2,0.34,0.17,0.13,0.62,0.44,0.58,0.74,0.75,0.66,0.93,0.72,0.97,0.91,0.95,0.92,0.0,0.0,0.0
154,Somalia,SOM,0.02,0.02,0.02,0.02,0.02,0.02,0.01,0.03,0.02,0.02,0.02,0.02,0.01,0.01,0.0,0.02,0.01,0.01,0.0,0.01,0.01,0.0,0.0,0.01,0.01,0.01,0.01,0.0,0.0,0.01,0.0,0.0,0.01,0.0,0.0,0.0,0.0,0.0,0.0,0.0,0.0,0.0,0.0,0.0,0.0,0.0,0.0,0.0,0.0,0.0,0.0,0.0,0.0,0.0
155,South Africa,ZAF,0.37,0.41,0.81,0.67,0.8,0.8,0.71,0.77,0.95,1.06,1.05,1.13,1.33,1.55,1.69,1.66,1.6,1.65,1.89,2.37,2.75,3.0,3.05,3.23,3.15,3.39,3.75,4.1,4.18,4.2,4.19,4.48,4.32,4.47,4.33,4.31,4.45,4.41,4.38,3.87,3.73,3.72,3.78,3.87,3.94,3.85,3.97,3.96,3.74,3.5,4.58,4.55,4.5,4.46
156,South Korea,KOR,0.04,0.02,0.04,0.07,0.12,0.11,0.15,0.12,0.15,0.22,0.27,0.21,0.28,0.34,0.36,0.38,0.47,0.84,1.18,1.04,1.04,1.06,1.17,1.22,1.24,1.23,1.32,1.51,1.74,2.02,2.41,2.33,2.23,2.47,2.48,2.38,2.3,1.89,1.98,2.23,2.37,2.41,2.32,2.0,1.89,2.22,2.34,2.43,2.37,1.88,1.94,2.02,2.07,0.0
157,Spain,ESP,0.0,1.05,1.27,1.49,1.61,1.82,2.1,2.28,2.22,2.67,2.48,2.5,2.95,3.06,3.25,3.3,3.23,3.58,3.68,3.64,3.73,3.81,3.88,3.87,3.97,3.99,4.26,4.34,4.45,4.46,4.39,4.32,4.0,3.99,3.99,3.93,3.95,3.94,4.06,4.19,4.43,4.17,4.47,4.5,4.98,5.15,5.09,4.92,4.98,4.87,4.43,4.42,4.4,0.0
158,Sri Lanka,LKA,0.06,0.05,0.04,0.05,0.05,0.05,0.04,0.05,0.05,0.05,0.05,0.05,0.04,0.03,0.03,0.03,0.04,0.04,0.04,0.04,0.03,0.03,0.04,0.03,0.04,0.04,0.04,0.04,0.04,0.04,0.04,0.04,0.04,0.05,0.05,0.06,0.06,0.07,0.09,0.1,0.1,0.15,0.15,0.17,0.3,0.2,0.2,0.2,0.2,0.3,0.28,0.39,0.39,0.36
159,Sudan,SDN,1.27,1.66,1.44,1.51,1.19,1.15,1.23,1.45,1.53,1.49,1.51,1.49,1.51,1.57,1.46,2.23,1.43,1.61,1.43,1.39,1.41,0.03,0.0,0.0,0.0,0.0,0.0,0.0,0.0,0.0,0.0,0.0,0.0,0.0,0.0,0.0,0.0,0.0,0.0,0.0,0.0,0.0,0.0,0.0,0.0,0.01,0.08,0.12,0.08,0.17,0.08,0.0,0.0,0.0
160,Suriname,SUR,1.22,1.33,1.37,1.36,1.49,1.62,1.72,1.86,2.22,2.43,2.22,2.39,2.36,2.12,2.12,2.44,2.87,2.83,2.95,2.85,3.14,3.09,3.04,2.95,2.75,2.14,2.27,1.84,2.1,2.44,2.58,2.73,2.35,3.0,3.07,2.58,3.26,3.22,2.86,1.67,1.72,1.67,1.65,1.64,1.53,1.64,1.71,1.91,1.99,2.03,2.04,2.07,2.11,2.15
161,Swaziland,SWZ,7.03,6.32,5.27,4.8,5.0,5.49,6.26,6.75,7.18,8.17,9.95,9.29,9.41,10.17,10.21,9.55,7.58,7.14,6.81,0.0,0.0,0.0,0.0,0.0,0.0,0.0,0.0,0.0,0.0,0.0,0.0,0.0,0.0,0.0,0.0,0.0,2.52,1.73,2.63,1.82,1.57,1.59,1.66,1.65,1.73,1.65,1.59,1.48,1.56,1.69,1.67,0.0,0.0,0.0
162,Sweden,SWE,2.35,2.3,2.48,2.49,2.56,2.74,2.87,3.26,3.68,3.63,3.63,3.63,3.57,3.68,3.8,3.72,3.37,3.06,3.01,2.94,2.78,2.87,2.75,2.72,2.85,3.04,3.13,3.39,3.55,3.66,3.74,3.83,3.93,4.15,3.98,3.65,3.8,3.53,3.65,2.7,2.7,2.7,2.8,2.6,2.6,2.5,2.6,2.6,2.7,2.7,2.7,2.7,2.6,2.7
163,Switzerland,CHE,0.0,0.0,0.0,0.0,0.0,5.09,5.15,4.94,5.03,5.15,5.08,4.8,4.92,4.88,4.63,4.56,4.35,4.3,4.28,4.3,4.34,4.42,4.3,4.17,4.19,4.19,4.17,4.13,4.17,4.09,4.1,3.99,3.99,3.77,3.65,3.53,3.41,3.53,3.4,3.39,3.38,3.26,3.37,3.24,3.11,3.21,3.32,3.31,3.3,3.18,3.17,3.17,3.17,3.16
164,Syria,SYR,0.06,0.06,0.05,0.05,0.05,0.04,0.03,0.03,0.04,0.04,0.05,0.05,0.06,0.07,0.09,0.09,0.07,0.07,0.07,0.07,0.09,0.08,0.08,0.08,0.08,0.08,0.07,0.06,0.07,0.08,0.07,0.07,0.07,0.07,0.07,0.06,0.06,0.05,0.07,0.05,0.06,0.05,0.05,0.05,0.05,0.08,0.08,0.08,0.06,0.05,0.04,0.0,0.0,0.0
165,Tajikistan,TJK,0.0,0.0,0.0,0.0,0.0,0.0,0.0,0.0,0.0,0.0,0.0,0.0,0.0,0.0,0.0,0.0,0.0,0.0,0.0,0.0,0.0,0.0,0.0,0.0,0.0,0.0,0.0,0.0,0.0,0.0,0.0,0.23,0.15,0.12,0.11,0.02,0.03,0.03,0.01,0.01,0.01,0.02,0.01,0.03,0.08,0.09,0.08,0.04,0.03,0.02,0.03,0.0,0.0,0.0
166,Tanzania,TZA,0.13,0.13,0.14,0.15,0.13,0.16,0.16,0.22,0.22,0.24,0.33,0.39,0.37,0.36,0.34,0.36,0.38,0.42,0.39,0.29,0.28,0.27,0.27,0.28,0.31,0.25,0.22,0.19,0.19,0.17,0.21,0.24,0.37,0.37,0.36,0.43,0.47,0.52,0.52,0.51,0.49,0.46,0.5,0.51,0.56,0.64,0.77,0.76,0.69,0.67,0.7,0.77,0.81,0.0
167,Thailand,THA,0.02,0.03,0.03,0.04,0.04,0.09,0.08,0.09,0.09,0.08,0.07,0.07,0.09,0.09,0.12,0.14,0.18,0.19,0.26,0.2,0.16,0.18,0.21,0.23,0.14,0.12,0.13,0.17,0.21,0.33,0.35,0.39,0.5,0.59,0.71,0.81,0.96,1.04,1.03,1.13,1.22,1.3,1.59,1.61,1.7,1.97,2.0,1.89,1.66,1.59,1.54,1.68,1.68,1.66
168,Timor,TLS,0.03,0.03,0.08,0.03,0.05,0.06,0.08,0.1,0.13,0.14,0.15,0.08,0.1,0.12,0.12,0.0,0.0,0.0,0.0,0.0,0.0,0.0,0.0,0.0,0.0,0.0,0.0,0.0,0.0,0.26,0.27,0.26,0.29,0.3,0.31,0.33,0.36,0.4,0.42,0.42,0.42,0.41,0.37,0.35,0.34,0.01,0.0,0.01,0.01,0.03,0.36,0.0,0.0,0.0
169,Togo,TGO,2.15,2.08,1.89,2.74,2.55,2.91,3.3,2.78,2.3,2.37,2.45,2.75,3.21,3.12,2.44,2.53,2.89,1.69,1.66,1.91,2.15,1.52,1.91,1.76,2.07,2.21,2.23,2.01,1.72,0.67,0.6,0.54,0.38,0.35,0.57,0.47,0.45,0.52,0.48,0.46,0.43,0.44,0.47,0.47,0.48,0.51,0.59,0.67,0.68,0.63,0.49,0.0,0.0,0.0
170,Tonga,TON,0.0,0.0,0.0,0.0,0.0,0.0,0.0,0.0,0.0,0.0,0.0,0.0,0.0,0.0,0.0,0.0,0.0,0.0,0.0,0.0,0.0,0.0,0.0,0.0,0.0,0.0,0.0,0.0,0.0,0.47,0.33,0.36,0.39,0.51,0.44,0.39,0.3,0.22,0.18,0.66,0.66,0.9,0.89,0.89,0.88,0.87,0.87,0.62,0.62,0.92,0.53,0.0,0.0,0.0
171,Trinidad and Tobago,TTO,0.96,0.9,0.92,0.88,0.99,0.92,0.89,0.88,1.25,1.47,1.62,1.63,1.75,1.45,1.61,1.88,1.98,1.55,1.81,2.05,1.95,1.83,1.92,1.93,1.94,2.0,2.03,1.79,2.27,1.99,2.75,2.56,1.88,1.51,0.76,0.94,1.55,1.61,1.75,2.12,2.05,2.53,2.78,2.96,3.15,3.21,3.2,3.27,3.32,3.53,3.51,3.59,3.62,3.71
172,Tunisia,TUN,0.43,0.39,0.32,0.41,0.4,0.42,0.43,0.42,0.3,0.34,0.46,0.51,0.56,0.58,0.48,0.42,0.45,0.51,0.49,0.44,0.44,0.42,0.49,0.47,0.48,0.38,0.29,0.4,0.41,0.41,0.38,0.33,0.53,0.6,0.56,0.54,0.62,0.63,0.71,0.8,0.75,0.79,0.8,0.82,0.86,0.88,0.92,0.94,0.96,0.87,0.85,0.85,0.85,0.95
173,Turkey,TUR,0.21,0.22,0.08,0.08,0.09,0.1,0.09,0.09,0.09,0.11,0.19,0.13,0.28,0.24,0.33,0.35,0.39,0.41,0.35,0.37,0.56,0.53,0.56,0.44,0.32,0.3,0.32,0.32,0.34,0.48,0.52,0.6,0.68,0.75,0.82,0.84,0.95,0.86,0.78,0.76,0.74,0.77,0.79,0.81,0.77,0.76,0.79,0.85,0.84,0.86,0.86,0.9,0.78,0.83
174,Turkmenistan,TKM,0.0,0.0,0.0,0.0,0.0,0.0,0.0,0.0,0.0,0.0,0.0,0.0,0.0,0.0,0.0,0.0,0.0,0.0,0.0,0.0,0.0,0.0,0.0,0.0,0.0,0.0,0.0,0.0,0.0,0.0,0.0,0.0,0.04,0.02,0.08,0.07,0.08,0.1,0.04,0.08,0.08,0.09,0.17,0.19,0.22,0.27,0.3,0.22,0.25,0.35,0.44,0.64,0.83,0.81
175,Tuvalu,TUV,0.0,0.0,0.0,0.0,0.0,0.0,0.0,0.0,0.0,0.0,0.0,0.0,0.0,0.0,0.0,0.0,0.0,0.0,0.0,0.0,0.0,0.0,0.0,0.0,0.0,0.0,0.0,0.0,0.0,1.27,1.51,1.08,1.01,1.23,1.2,0.74,0.73,0.87,1.48,0.85,1.07,0.29,0.1,0.04,0.54,0.85,0.03,0.11,0.06,0.11,0.13,0.0,0.0,0.0
176,Uganda,UGA,0.17,0.14,0.14,0.15,0.21,0.21,0.21,0.19,0.2,0.24,0.31,0.33,0.39,0.36,0.31,0.18,0.17,0.16,0.07,0.08,0.04,0.07,0.09,0.1,0.09,0.13,0.12,0.13,0.12,0.11,0.1,0.09,0.11,0.14,0.22,0.27,0.37,0.47,0.47,0.56,0.48,0.43,0.42,0.43,0.5,0.55,0.57,0.53,0.64,0.68,0.72,0.0,0.0,0.0
177,Ukraine,UKR,0.0,0.0,0.0,0.0,0.0,0.0,0.0,0.0,0.0,0.0,0.0,0.0,0.0,0.0,1.71,0.0,0.0,0.0,0.0,1.67,1.72,1.81,1.8,1.83,1.75,1.34,1.45,1.58,1.65,1.7,1.61,1.36,1.13,1.12,0.85,0.76,0.78,0.85,1.04,1.28,1.51,1.74,1.95,2.18,2.67,3.01,3.55,3.57,3.32,3.36,3.31,3.27,3.21,2.94
178,United Arab Emirates,ARE,0.0,0.0,0.0,0.0,0.0,0.0,0.0,0.0,0.0,0.0,0.0,0.0,0.0,0.31,0.3,0.29,0.24,0.19,0.16,0.33,0.25,0.23,0.28,0.26,0.4,0.57,0.61,0.62,0.63,0.67,0.66,0.77,0.77,0.72,0.65,0.99,0.83,0.62,0.77,0.51,0.51,0.52,0.5,0.47,0.41,0.33,0.29,0.25,0.21,0.19,0.19,0.19,0.19,0.2
179,United Kingdom,GBR,5.81,5.77,5.79,6.02,5.99,6.12,6.21,6.35,6.62,6.8,7.01,7.09,7.45,7.61,7.73,7.83,7.68,7.77,7.85,7.48,7.1,6.86,6.91,6.84,6.75,6.73,5.49,5.65,5.68,5.62,5.62,5.47,5.24,5.09,5.21,5.29,5.27,5.37,5.25,4.98,5.06,5.11,5.16,5.09,4.85,4.7,4.45,4.22,3.84,3.76,3.65,3.46,3.38,3.48
180,United States,USA,3.67,3.75,3.82,3.94,3.94,4.01,4.05,4.13,4.24,4.31,4.35,4.43,4.54,4.73,4.77,4.81,4.88,5.03,5.19,5.22,5.26,5.22,5.19,5.22,5.03,5.07,5.07,5.03,4.96,5.07,4.88,4.88,4.77,4.73,4.66,4.66,4.62,4.62,4.66,4.62,4.66,4.66,4.58,4.58,4.5,4.54,4.54,4.54,4.43,4.31,4.24,4.28,4.24,4.16
181,Uruguay,URY,2.53,1.53,1.8,1.72,1.82,1.42,1.3,1.73,1.69,1.79,2.17,2.23,2.2,2.46,2.48,1.53,1.81,1.66,1.39,1.81,1.66,1.43,1.03,0.99,1.21,1.38,1.41,1.42,1.45,1.29,1.53,1.75,1.74,1.76,1.78,1.63,1.67,1.66,1.46,1.37,1.19,1.0,0.86,1.1,1.35,1.49,1.61,1.86,1.88,1.9,1.95,2.01,1.97,1.94
182,Uzbekistan,UZB,0.0,0.0,0.0,0.0,0.0,0.0,0.0,0.0,0.0,0.0,0.0,0.0,0.0,0.0,0.0,0.0,0.0,0.0,0.0,0.0,0.0,0.0,0.0,0.0,0.0,0.0,0.0,0.0,0.0,0.0,0.0,0.32,0.33,0.31,0.29,0.36,0.26,0.23,0.23,0.25,0.2,0.26,0.24,0.27,0.28,0.33,0.29,0.33,0.48,0.65,0.79,0.0,0.0,0.0
183,Vanuatu,VUT,1.43,1.38,1.5,1.35,0.91,1.32,1.67,1.39,1.43,1.24,1.43,1.6,1.69,1.88,0.98,1.11,1.16,1.26,1.59,1.28,1.06,0.84,1.01,0.97,0.93,0.89,0.67,0.96,0.65,0.51,0.43,0.41,0.4,0.26,0.18,0.18,0.2,0.22,0.18,0.46,0.4,0.52,0.51,0.49,0.47,0.46,0.45,0.33,0.32,0.34,0.37,0.0,0.0,0.0
184,Venezuela,VEN,2.54,2.53,2.46,2.51,2.65,2.87,2.87,2.96,3.16,3.83,3.24,3.02,3.13,2.98,2.66,4.17,4.55,4.91,5.23,5.57,5.83,5.23,5.34,5.27,4.04,4.49,5.14,5.78,4.24,5.06,5.52,6.06,6.03,5.72,5.56,5.75,5.67,5.94,5.63,5.59,6.0,5.15,4.39,5.93,6.15,6.35,6.83,6.34,5.76,5.43,5.0,4.83,4.9,4.91
185,Vietnam,VNM,0.19,0.19,0.2,0.21,0.24,0.24,0.26,0.24,0.26,0.28,0.27,0.21,0.21,0.14,0.13,0.14,0.13,0.12,0.14,0.09,0.09,0.08,0.08,0.13,0.12,0.12,0.11,0.12,0.13,0.14,0.15,0.19,0.16,0.34,0.31,0.6,0.58,0.64,0.6,0.7,0.83,0.97,1.13,1.13,1.21,1.16,1.2,1.44,1.53,1.82,1.94,2.18,2.17,2.31
186,Yemen,YEM,0.68,0.67,0.65,0.63,0.61,0.58,0.55,0.53,0.52,0.5,0.5,0.46,0.4,0.29,0.27,0.4,0.33,0.41,0.3,0.31,0.26,0.25,0.12,0.15,0.22,0.16,0.11,0.13,0.15,0.15,0.08,0.17,0.16,0.14,0.13,0.11,0.09,0.1,0.08,0.07,0.08,0.06,0.04,0.05,0.03,0.04,0.04,0.04,0.03,0.06,0.03,0.04,0.04,0.0
187,Zambia,ZMB,0.38,0.39,0.41,0.41,0.52,0.74,0.97,1.2,1.35,1.48,1.6,1.63,1.38,1.14,1.79,1.86,1.37,1.33,1.38,1.36,1.23,1.07,0.93,0.9,0.97,0.97,0.86,1.05,1.01,0.74,0.75,0.66,0.89,0.67,0.61,0.64,0.59,0.58,0.69,0.51,0.52,0.49,0.47,0.48,0.43,0.45,0.45,0.48,0.48,0.62,0.75,0.86,1.05,0.0
188,Zimbabwe,ZWE,0.25,0.24,0.25,0.21,0.22,0.54,0.54,0.54,0.55,0.57,0.61,0.62,0.67,0.63,0.63,0.6,0.41,0.33,0.31,0.27,0.25,0.26,0.26,0.26,0.26,0.24,0.18,0.2,0.19,0.18,0.47,0.19,0.47,0.95,0.53,0.65,0.56,0.37,0.6,0.67,0.74,1.16,0.88,1.14,0.96,1.09,0.88,1.47,1.09,1.67,2.05,2.07,2.12,2.23
