,Country,ID,1960,1961,1962,1963,1964,1965,1966,1967,1968,1969,1970,1971,1972,1973,1974,1975,1976,1977,1978,1979,1980,1981,1982,1983,1984,1985,1986,1987,1988,1989,1990,1991,1992,1993,1994,1995,1996,1997,1998,1999,2000,2001,2002,2003,2004,2005,2006,2007,2008,2009,2010,2011,2012,2013,2014,2015
0,Afghanistan,AFG,0,35.65,35.06,34.5,33.97,33.41,32.87,32.33,31.81,31.3,30.78,30.21,29.64,29.08,28.49,27.94,27.36,26.78,26.16,25.55,24.91,24.27,23.62,22.97,22.29,21.6,20.92,20.21,19.5,18.78,18.1,17.42,16.78,16.2,15.68,15.23,14.86,14.55,14.26,13.99,13.7,13.38,13.03,12.68,12.32,11.96,11.63,11.32,11.04,10.76,10.5,10.23,9.95,9.67,9.39,9.11
1,Albania,ALB,0,0,0,0,0,0,0,0,0,0,0,0,0,0,0,0,0,0,9.11,8.47,7.86,7.3,6.78,6.28,5.83,5.43,5.07,4.76,4.49,4.25,4.06,3.88,3.73,3.6,3.46,3.32,3.18,3.03,2.89,2.75,2.62,2.49,2.36,2.25,2.15,2.05,1.95,1.87,1.79,1.73,1.66,1.6,1.55,1.49,1.44,1.4
2,Algeria,DZA,24.63,24.61,24.62,24.68,24.74,24.82,24.87,24.84,24.74,24.53,24.17,23.65,23,22.25,21.42,20.5,19.52,18.49,17.38,16.18,14.81,13.25,11.58,9.92,8.38,7.12,6.19,5.54,5.12,4.85,4.68,4.57,4.49,4.41,4.33,4.25,4.18,4.11,4.06,4.02,3.97,3.89,3.78,3.65,3.51,3.36,3.21,3.07,2.94,2.83,2.73,2.66,2.61,2.58,2.56,2.55
3,Andorra,AND,0,0,0,0,0,0,0,0,0,0,0,0,0,0,0,0,0,0,0,0,0,0,0,0,0,0,0,0,0,0,0.85,0.79,0.74,0.69,0.64,0.6,0.57,0.53,0.5,0.48,0.46,0.44,0.42,0.41,0.4,0.39,0.37,0.36,0.35,0.34,0.33,0.32,0.31,0.3,0.29,0.28
4,Angola,AGO,0,0,0,0,0,0,0,0,0,0,0,0,0,0,0,0,0,0,0,0,23.41,23.28,23.15,23.02,22.91,22.83,22.75,22.69,22.65,22.62,22.6,22.59,22.6,22.58,22.55,22.48,22.4,22.26,22.08,21.89,21.67,21.41,21.17,20.92,20.67,20.39,20.05,19.64,19.2,18.73,18.25,17.73,17.22,16.71,16.22,15.69
5,Antigua and Barbuda,ATG,0,0,0,0,0,0,0,0,0,0,0,0,0,0,0,0,0,0,0,0,0,0,0,0,0,0,0,0,0,0,2.55,2.42,2.31,2.19,2.08,1.97,1.88,1.79,1.7,1.62,1.55,1.48,1.41,1.35,1.29,1.24,1.18,1.13,1.09,1.04,0.99,0.95,0.91,0.87,0.84,0.81
6,Argentina,ARG,0,0,0,0,0,0,0,0,0,7.32,7.24,7.15,7.04,6.88,6.66,6.38,6.02,5.59,5.14,4.7,4.31,4,3.76,3.58,3.44,3.31,3.19,3.08,2.97,2.86,2.76,2.66,2.57,2.48,2.41,2.34,2.27,2.2,2.14,2.08,2.02,1.97,1.92,1.86,1.79,1.71,1.64,1.58,1.54,1.5,1.46,1.42,1.38,1.33,1.29,1.25
7,Armenia,ARM,0,0,0,0,0,0,0,0,0,0,0,0,0,0,0,0,8.81,8.46,8.12,7.8,7.49,7.2,6.92,6.66,6.4,6.15,5.91,5.67,8.17,5.21,4.98,4.75,4.52,4.29,4.08,3.87,3.68,3.5,3.33,3.17,3.01,2.87,2.73,2.59,2.46,2.34,2.22,2.11,2,1.9,1.8,1.72,1.63,1.55,1.47,1.41
8,Australia,AUS,2.49,2.43,2.37,2.32,2.27,2.24,2.21,2.2,2.19,2.17,2.14,2.09,2.02,1.93,1.84,1.73,1.62,1.53,1.44,1.36,1.3,1.26,1.22,1.19,1.16,1.13,1.1,1.06,1.02,0.97,0.92,0.86,0.81,0.77,0.73,0.7,0.68,0.66,0.65,0.64,0.62,0.61,0.6,0.6,0.59,0.57,0.56,0.54,0.52,0.5,0.48,0.45,0.43,0.41,0.39,0.38
9,Austria,AUT,4.28,4.03,3.79,3.59,3.42,3.28,3.15,3.05,2.98,2.94,2.91,2.87,2.8,2.68,2.51,2.31,2.11,1.94,1.81,1.71,1.63,1.55,1.47,1.4,1.33,1.26,1.19,1.11,1.05,1,0.95,0.9,0.85,0.8,0.74,0.68,0.64,0.61,0.58,0.56,0.55,0.54,0.53,0.52,0.5,0.49,0.48,0.47,0.46,0.45,0.44,0.42,0.4,0.39,0.37,0.35
10,Azerbaijan,AZE,0,0,0,0,0,0,0,0,0,0,0,0,0,0,0,0,0,0,0,0,0,0,10.82,10.57,10.33,10.11,9.9,9.72,9.58,9.49,9.47,9.5,9.54,9.57,9.55,9.43,9.21,8.86,8.42,7.93,7.4,6.88,6.38,5.93,5.52,5.17,4.86,4.58,4.33,4.1,3.9,3.73,3.57,3.42,3.29,3.17
11,Bahamas,BHS,0,0,0,0,0,0,0,0,2.94,3,3.06,3.12,3.17,3.21,3.22,3.22,3.19,3.15,3.1,3.05,2.99,2.94,2.89,2.86,2.82,2.79,2.73,2.65,2.56,2.46,2.35,2.25,2.16,2.06,1.96,1.87,1.78,1.7,1.64,1.59,1.57,1.55,1.55,1.54,1.54,1.53,1.51,1.48,1.45,1.42,1.39,1.35,1.32,1.28,1.24,1.21
12,Bahrain,BHR,20,18.31,16.72,15.26,13.89,12.63,11.47,10.4,9.41,8.5,7.68,6.93,6.27,5.69,5.18,4.74,4.36,4.02,3.72,3.46,3.23,3.03,2.86,2.72,2.59,2.49,2.42,2.36,2.33,2.32,2.3,2.27,2.2,2.1,1.96,1.81,1.66,1.52,1.41,1.32,1.26,1.21,1.18,1.15,1.12,1.09,1.05,1,0.94,0.88,0.83,0.78,0.73,0.69,0.65,0.62
13,Bangladesh,BGD,26.43,25.75,25.13,24.56,24.04,23.6,23.23,22.94,22.71,22.54,22.41,22.3,22.2,22.07,21.91,21.71,21.45,21.12,20.74,20.33,19.89,19.42,18.94,18.44,17.91,17.35,16.77,16.18,15.58,14.97,14.37,13.77,13.17,12.58,11.99,11.42,10.86,10.32,9.79,9.28,8.8,8.35,7.9,7.48,7.07,6.68,6.3,5.94,5.59,5.26,4.96,4.67,4.4,4.16,3.95,3.76
14,Barbados,BRB,8.36,7.8,7.32,6.87,6.47,6.13,5.82,5.55,5.3,5.05,4.81,4.58,4.34,4.11,3.89,3.67,3.46,3.26,3.06,2.89,2.72,2.58,2.46,2.36,2.28,2.2,2.12,2.04,1.95,1.87,1.79,1.72,1.66,1.61,1.57,1.55,1.54,1.55,1.57,1.6,1.63,1.66,1.68,1.68,1.67,1.65,1.62,1.58,1.54,1.51,1.47,1.44,1.41,1.37,1.33,1.3
15,Belarus,BLR,0,0,0,0,0,0,0,0,0,0,0,0,0,0,0,0,0,0,0,0,2.33,2.23,2.13,2.06,1.99,1.94,1.87,1.81,1.75,1.7,1.66,1.66,1.68,1.71,1.75,1.79,1.8,1.78,1.7,1.58,1.43,1.3,1.19,1.09,1.02,0.94,0.87,0.79,0.72,0.66,0.61,0.56,0.53,0.5,0.47,0.46
16,Belgium,BEL,3.39,3.24,3.11,3,2.89,2.79,2.7,2.62,2.55,2.48,2.39,2.3,2.19,2.08,1.96,1.86,1.76,1.67,1.59,1.52,1.45,1.39,1.33,1.27,1.22,1.18,1.14,1.1,1.07,1.03,1,0.96,0.92,0.87,0.82,0.76,0.71,0.67,0.63,0.6,0.58,0.56,0.54,0.52,0.51,0.5,0.49,0.48,0.47,0.46,0.45,0.44,0.43,0.43,0.42,0.41
17,Belize,BLZ,0,0,0,0,0,0,0,10.99,10.55,10.13,9.73,9.35,8.97,8.63,8.3,7.99,7.7,7.42,7.14,6.89,6.64,6.39,6.14,5.89,5.62,5.35,5.06,4.77,4.49,4.22,3.96,3.72,3.5,3.31,3.15,3.01,2.88,2.78,2.67,2.58,2.5,2.42,2.35,2.28,2.22,2.17,2.12,2.06,2.01,1.95,1.9,1.85,1.8,1.75,1.7,1.65
18,Benin,BEN,31.4,30.92,30.39,29.82,29.25,28.69,28.14,27.69,27.28,26.9,26.55,26.18,25.78,25.34,24.83,24.27,23.7,23.13,22.61,22.15,21.74,21.37,21.02,20.68,20.33,19.97,19.61,19.22,18.81,18.39,17.95,17.5,17.04,16.62,16.24,15.91,15.62,15.36,15.09,14.79,14.47,14.11,13.71,13.31,12.92,12.55,12.21,11.9,11.63,11.39,11.16,10.93,10.7,10.48,10.21,9.95
19,Bhutan,BTN,0,0,0,0,0,0,0,0,0,27.86,27.15,26.42,25.67,24.95,24.24,23.55,22.84,22.13,21.41,20.69,19.98,19.3,18.59,17.89,17.21,16.52,15.88,15.22,14.59,13.98,13.37,12.78,12.2,11.64,11.08,10.53,9.98,9.45,8.94,8.44,7.96,7.5,7.06,6.64,6.23,5.85,5.48,5.13,4.81,4.51,4.23,3.99,3.78,3.6,3.44,3.29
20,Bolivia,BOL,28.71,28.14,27.61,27.08,26.54,26.01,25.45,24.88,24.3,23.71,23.13,22.53,21.91,21.28,20.64,20.01,19.39,18.79,18.21,17.66,17.16,16.68,16.23,15.78,15.32,14.85,14.38,13.89,13.4,12.92,12.44,11.97,11.52,11.07,10.62,10.18,9.75,9.31,8.87,8.44,8.02,7.62,7.22,6.85,6.48,6.14,5.81,5.49,5.2,4.93,4.7,4.49,4.31,4.13,3.98,3.84
21,Bosnia and Herzegovina,BIH,0,0,0,0,0,0,0,0,0,0,0,0,0,0,0,0,0,0,0,0,0,0,0,0,2.94,2.7,2.49,2.3,2.12,1.97,1.83,1.7,1.84,1.84,1.56,1.52,1.25,1.16,1.07,0.99,0.92,0.86,0.83,0.82,0.82,0.83,0.83,0.83,0.81,0.78,0.74,0.69,0.65,0.61,0.57,0.54
22,Botswana,BWA,16.96,16.41,15.89,15.37,14.88,14.4,13.95,13.49,13.03,12.57,12.1,11.62,11.12,10.62,10.12,9.61,9.11,8.62,8.16,7.71,7.29,6.91,6.56,6.23,5.95,5.71,5.51,5.37,5.3,5.31,5.42,5.64,5.91,6.24,6.61,6.99,7.35,7.65,7.9,8.2,8.29,8.16,7.98,7.81,7.58,6.9,6.34,6.26,6.17,5.73,5.35,5.18,4.95,4.66,4.48,4.36
23,Brazil,BRA,17.19,16.72,16.27,15.84,15.45,15.07,14.72,14.39,14.05,13.7,13.35,12.98,12.61,12.25,11.89,11.53,11.17,10.79,10.4,9.97,9.53,9.08,8.65,8.24,7.86,7.51,7.19,6.88,6.6,6.34,6.08,5.82,5.54,5.25,4.94,4.63,4.32,4.02,3.72,3.45,3.2,2.96,2.74,2.54,2.36,2.19,2.04,1.92,1.81,1.72,1.66,1.62,1.6,1.6,1.62,1.64
24,Brunei,BRN,0,0,0,0,0,0,0,0,0,0,0,0,0,0,0,0,0,0,0,0,0,0,1.68,1.61,1.54,1.47,1.41,1.35,1.3,1.26,1.22,1.19,1.16,1.12,1.09,1.06,1.03,1,0.97,0.96,0.94,0.93,0.92,0.91,0.91,0.9,0.9,0.9,0.9,0.91,0.93,0.95,0.97,0.99,1.01,1.02
25,Bulgaria,BGR,0,0,0,4.67,4.57,4.49,4.44,4.39,4.27,4.08,3.88,3.73,3.63,3.56,3.49,3.43,3.35,3.25,3.13,3,2.87,2.76,2.66,2.57,2.47,2.36,2.25,2.17,2.13,2.15,2.21,2.26,2.29,2.31,2.31,2.31,2.31,2.31,2.28,2.2,2.1,2.01,1.92,1.81,1.7,1.59,1.5,1.42,1.37,1.33,1.3,1.26,1.2,1.15,1.09,1.04
26,Burkina Faso,BFA,34.76,34.31,33.87,33.45,33.1,32.8,32.52,32.29,32.14,32.01,31.91,31.73,31.39,30.79,29.92,28.85,27.7,26.57,25.58,24.78,24.12,23.61,23.18,22.78,22.37,21.92,21.44,20.96,20.58,20.34,20.22,20.18,20.21,20.2,20.11,19.94,19.7,19.4,19.13,18.85,18.57,18.24,17.83,17.31,16.63,15.83,14.94,13.99,13.04,12.14,11.35,10.69,10.14,9.66,9.24,8.86
27,Burundi,BDI,0,0,0,0,24.16,24.3,24.45,24.58,24.67,24.73,24.76,24.75,24.73,24.71,24.69,24.65,24.5,24.2,23.69,23.02,22.18,21.23,20.23,19.26,18.42,17.75,17.29,17.06,17.01,17.07,17.18,17.29,17.35,17.35,17.25,17.05,16.77,16.44,16.05,15.64,15.22,14.78,14.32,13.83,13.3,12.71,12.09,11.45,10.86,10.35,9.88,9.49,9.12,8.78,8.46,8.17
28,Cambodia,KHM,0,0,0,0,0,0,0,0,0,0,0,0,0,0,0,31,28.56,26.19,23.59,20.78,18.14,15.91,14.2,13.04,12.41,12.12,11.96,11.84,11.76,11.74,11.73,11.74,11.78,11.86,12,12.15,12.26,12.25,12.04,11.57,10.83,9.87,8.83,7.88,7.13,6.54,6.04,5.58,5.15,4.73,4.31,3.93,3.58,3.29,3.06,2.87
29,Cameroon,CMR,28.16,27.57,27.11,26.72,26.28,25.73,25.04,24.2,23.23,22.25,21.3,20.47,19.84,19.43,19.2,19.11,19.09,19.04,18.87,18.58,18.16,17.63,17.01,16.34,15.66,15.02,14.47,14.07,13.81,13.72,13.8,14,14.28,14.6,14.9,15.18,15.4,15.53,15.53,15.38,15.04,14.57,14.02,13.47,12.96,12.51,12.07,11.66,11.28,10.9,10.48,10.1,9.74,9.39,9.06,8.79
30,Canada,CAN,3.26,3.16,3.05,2.94,2.82,2.71,2.6,2.5,2.39,2.3,2.2,2.1,1.99,1.9,1.8,1.7,1.6,1.51,1.42,1.33,1.25,1.18,1.12,1.06,1.01,0.97,0.94,0.91,0.88,0.86,0.83,0.8,0.77,0.74,0.72,0.69,0.67,0.65,0.64,0.63,0.62,0.62,0.62,0.61,0.61,0.61,0.6,0.59,0.58,0.57,0.56,0.54,0.53,0.52,0.5,0.49
31,Cape Verde,CPV,0,0,0,0,0,0,0,0,0,17.92,16.45,15.11,13.88,12.78,11.8,10.94,10.22,9.61,9.13,8.77,8.53,8.37,8.26,8.16,8.02,7.81,7.52,7.18,6.83,6.51,6.27,6.1,6,5.92,5.81,5.61,5.3,4.9,4.43,3.96,3.55,3.22,2.99,2.85,2.78,2.77,2.79,2.81,2.82,2.81,2.78,2.73,2.66,2.59,2.52,2.45
32,Central African Republic,CAF,28.37,27.81,27.26,26.65,26.04,25.39,24.71,24.07,23.42,22.82,22.25,21.71,21.21,20.75,20.33,19.93,19.57,19.23,18.9,18.61,18.35,18.15,18,17.89,17.82,17.78,17.74,17.72,17.7,17.68,17.65,17.62,17.6,17.61,17.64,17.67,17.7,17.69,17.65,17.57,17.48,17.35,17.19,17.03,16.84,16.62,16.39,16.13,15.82,15.42,15.02,14.62,14.21,13.85,13.4,13.01
33,Chad,TCD,0,0,0,0,0,0,0,0,0,0,0,0,25.23,25.1,24.95,24.81,24.67,24.53,24.37,24.2,24.01,23.81,23.6,23.35,23.09,22.82,22.55,22.28,22.01,21.73,21.46,21.2,20.94,20.7,20.48,20.27,20.06,19.83,19.58,19.3,19.02,18.73,18.46,18.19,17.94,17.7,17.46,17.15,16.8,16.4,16.01,15.6,15.16,14.71,14.29,13.87
34,Chile,CHL,15.73,14.85,14.23,13.58,12.68,11.59,10.45,9.41,8.62,8.17,7.96,7.84,7.7,7.46,7.06,6.47,5.71,4.88,4.17,3.68,3.32,3.01,2.7,2.46,2.31,2.24,2.21,2.19,2.14,2.04,1.91,1.77,1.64,1.51,1.4,1.31,1.25,1.22,1.2,1.15,1.09,1.03,0.98,0.95,0.93,0.91,0.9,0.89,0.89,0.88,0.88,0.87,0.86,0.84,0.83,0.81
35,China,CHN,0,0,0,0,0,0,0,0,0,11.91,11.33,10.77,10.21,9.65,9.09,8.52,7.98,7.46,7,6.59,6.24,5.96,5.74,5.57,5.46,5.4,5.37,5.37,5.39,5.4,5.38,5.33,5.24,5.1,4.93,4.75,4.56,4.36,4.15,3.93,3.69,3.43,3.16,2.89,2.63,2.4,2.19,2.01,1.85,1.7,1.57,1.45,1.34,1.23,1.14,1.07
36,Colombia,COL,12.73,12.46,12.2,11.94,11.67,11.4,11.11,10.8,10.46,10.11,9.76,9.4,9.04,8.67,8.28,7.87,7.43,6.99,6.55,6.13,5.74,5.37,5.03,4.73,4.46,4.23,4.03,3.87,3.74,3.62,3.51,3.41,3.31,3.21,3.1,3,2.89,2.79,2.69,2.6,2.51,2.43,2.36,2.29,2.22,2.15,2.09,2.03,1.97,1.91,1.85,1.8,1.74,1.69,1.64,1.59
37,Comoros,COM,0,0,0,0,0,0,0,0,0,0,22.71,22.18,21.71,21.24,20.77,20.27,19.77,19.23,18.68,18.11,17.53,16.94,16.36,15.79,15.24,14.72,14.22,13.76,13.32,12.91,12.51,12.12,11.72,11.36,11.05,10.78,10.56,10.4,10.27,10.18,10.11,10.08,10.08,10.04,9.94,9.78,9.57,9.35,9.12,8.85,8.6,8.33,8.09,7.83,7.59,7.35
38,Congo,COG,18.44,18.02,17.6,17.23,16.83,16.39,15.94,15.5,15.09,14.7,14.31,13.95,13.57,13.22,12.93,12.63,12.33,12.05,11.77,11.47,11.19,10.91,10.62,10.32,10.02,9.75,9.53,9.37,9.28,9.28,9.36,9.52,9.74,10.02,10.38,10.77,11.19,11.6,11.93,12.14,12.16,11.97,11.56,10.98,10.29,9.53,8.74,7.99,7.26,6.61,6.06,5.61,5.26,4.96,4.71,4.5
39,Costa Rica,CRI,0,0,0,0,0,8.88,8.5,8.23,8.04,7.88,7.64,7.18,6.49,5.78,5.18,4.63,4.03,3.4,2.89,2.56,2.38,2.31,2.29,2.28,2.24,2.16,2.05,1.93,1.83,1.75,1.69,1.65,1.61,1.58,1.55,1.52,1.5,1.48,1.44,1.38,1.3,1.22,1.16,1.1,1.07,1.04,1.03,1.03,1.03,1.02,1.02,1.01,1.01,1,0.99,0.97
40,Cote d'Ivoire,CIV,31.12,30.34,29.57,28.86,28.14,27.46,26.79,26.12,25.48,24.81,24.14,23.44,22.68,21.86,21,20.11,19.25,18.45,17.74,17.14,16.66,16.28,15.97,15.73,15.55,15.42,15.33,15.28,15.25,15.25,15.26,15.27,15.27,15.28,15.29,15.27,15.22,15.13,14.98,14.79,14.56,14.28,13.97,13.63,13.27,12.88,12.51,12.11,11.65,11.27,10.91,10.59,10.25,9.9,9.55,9.26
41,Croatia,HRV,0,0,0,0,0,0,0,0,0,0,0,0,0,0,0,0,0,0,0,0,0,2.19,2.1,2,1.91,1.8,1.7,1.58,1.48,1.38,1.29,1.21,1.14,1.09,1.04,1,0.96,0.93,0.89,0.86,0.83,0.8,0.77,0.74,0.71,0.68,0.65,0.62,0.59,0.56,0.54,0.51,0.49,0.47,0.45,0.43
42,Cuba,CUB,0,0,0,4.7,4.59,4.5,4.46,4.46,4.49,4.5,4.36,3.99,3.54,3.22,3.07,2.94,2.72,2.45,2.23,2.09,2.02,1.98,1.97,1.95,1.91,1.85,1.75,1.63,1.52,1.42,1.33,1.24,1.16,1.11,1.1,1.08,1.05,1,0.94,0.88,0.84,0.8,0.77,0.74,0.71,0.68,0.66,0.64,0.63,0.62,0.61,0.6,0.58,0.57,0.56,0.55
43,Cyprus,CYP,0,0,0,0,0,0,0,0,0,0,0,0,0,0,0,0,0,0,0,2.25,2.08,1.92,1.76,1.61,1.47,1.35,1.25,1.19,1.15,1.13,1.11,1.08,1.05,1.01,0.96,0.9,0.85,0.8,0.75,0.7,0.66,0.61,0.58,0.54,0.51,0.48,0.46,0.43,0.41,0.38,0.36,0.34,0.32,0.3,0.29,0.27
44,Czech Republic,CZE,0,0,0,0,0,0,0,0,0,0,0,0,0,0,0,0,0,0,0,0,0,1.84,1.8,1.76,1.73,1.7,1.66,1.61,1.56,1.51,1.46,1.39,1.32,1.23,1.12,1.02,0.92,0.84,0.76,0.71,0.66,0.62,0.6,0.57,0.55,0.52,0.5,0.47,0.45,0.43,0.41,0.39,0.38,0.37,0.35,0.34
45,Democratic Republic of Congo,COD,0,0,0,0,0,0,0,0,0,25.17,24.81,24.48,24.14,23.77,23.42,23.03,22.64,22.27,21.9,21.54,21.2,20.88,20.57,20.28,20.01,19.77,19.53,19.3,19.08,18.85,18.65,18.43,18.23,18.03,17.83,17.64,17.41,17.15,16.84,16.49,16.1,15.68,15.24,14.78,14.32,13.84,13.35,12.89,12.45,12.01,11.61,11.22,10.85,10.48,10.17,9.83
46,Denmark,DNK,2.5,2.45,2.38,2.3,2.21,2.11,2.01,1.91,1.81,1.74,1.66,1.58,1.49,1.39,1.31,1.23,1.16,1.11,1.06,1.03,1,0.97,0.96,0.96,0.96,0.97,0.97,0.97,0.96,0.93,0.89,0.84,0.79,0.74,0.69,0.65,0.62,0.6,0.58,0.57,0.56,0.55,0.54,0.53,0.51,0.49,0.47,0.45,0.43,0.42,0.4,0.39,0.38,0.37,0.36,0.35
47,Djibouti,DJI,0,0,0,0,0,0,0,0,0,0,0,0,0,0,0,0,17.43,16.94,16.47,16.01,15.58,15.17,14.74,14.33,13.93,13.53,13.17,12.83,12.51,12.2,11.94,11.7,11.5,11.32,11.15,11.02,10.85,10.68,10.49,10.29,10.08,9.84,9.6,9.35,9.1,8.85,8.6,8.35,8.1,7.85,7.61,7.39,7.17,6.95,6.74,6.53
48,Dominica,DMA,13.9,12.72,11.65,10.72,9.89,9.18,8.55,7.99,7.47,6.95,6.39,5.79,5.17,4.55,3.97,3.45,3.01,2.65,2.36,2.14,1.98,1.86,1.79,1.74,1.72,1.7,1.7,1.7,1.7,1.71,1.71,1.71,1.7,1.69,1.67,1.65,1.63,1.6,1.58,1.55,1.53,1.52,1.51,1.51,1.53,1.56,1.6,1.65,1.71,1.79,1.88,1.96,2.04,2.1,2.12,2.12
49,Dominican Republic,DOM,14.78,14.59,14.37,14.13,13.86,13.58,13.29,13.01,12.73,12.45,12.16,11.85,11.52,11.17,10.82,10.45,10.09,9.74,9.4,9.07,8.75,8.43,8.13,7.83,7.55,7.27,7.01,6.75,6.5,6.26,6.02,5.79,5.56,5.34,5.12,4.92,4.73,4.55,4.39,4.25,4.13,4.01,3.91,3.83,3.75,3.68,3.61,3.55,3.49,3.43,3.38,3.33,3.27,3.22,3.15,3.09
50,Ecuador,ECU,17.92,17.41,16.92,16.43,15.99,15.56,15.18,14.82,14.49,14.14,13.8,13.43,13.03,12.6,12.13,11.66,11.18,10.72,10.26,9.83,9.39,8.95,8.5,8.07,7.66,7.27,6.91,6.57,6.26,5.97,5.69,5.41,5.15,4.88,4.63,4.39,4.16,3.96,3.77,3.59,3.44,3.31,3.19,3.09,3,2.91,2.83,2.75,2.68,2.6,2.52,2.45,2.37,2.3,2.23,2.16
51,Egypt,EGY,31.28,30.29,29.31,28.35,27.48,26.69,26.03,25.48,25.02,24.64,24.29,23.94,23.52,22.97,22.29,21.47,20.57,19.62,18.66,17.7,16.76,15.81,14.84,13.85,12.85,11.88,11.01,10.25,9.6,9.06,8.59,8.17,7.75,7.33,6.89,6.46,6.04,5.65,5.28,4.95,4.65,4.38,4.14,3.92,3.73,3.56,3.41,3.27,3.14,3.02,2.9,2.79,2.68,2.58,2.48,2.4
52,El Salvador,SLV,18.69,18.33,17.96,17.6,17.27,16.95,16.64,16.35,16.07,15.8,15.51,15.21,14.89,14.55,14.17,13.74,13.27,12.78,12.24,11.67,11.07,10.45,9.82,9.2,8.6,8.04,7.52,7.06,6.65,6.28,5.94,5.63,5.32,5.03,4.74,4.45,4.17,3.91,3.66,3.44,3.24,3.06,2.9,2.75,2.61,2.48,2.36,2.26,2.16,2.08,2,1.93,1.86,1.8,1.74,1.68
53,Equatorial Guinea,GNQ,0,0,0,0,0,0,0,0,0,0,0,0,0,0,0,0,0,0,0,0,0,0,0,21.75,21.31,20.91,20.51,20.14,19.75,19.36,18.95,18.58,18.2,17.83,17.46,17.12,16.76,16.39,16.01,15.61,15.21,14.79,14.38,13.96,13.54,13.12,12.69,12.27,11.84,11.46,11.09,10.73,10.37,10.03,9.74,9.41
54,Eritrea,ERI,0,0,0,0,0,0,0,0,0,0,0,0,0,0,21.31,20.88,20.47,20.08,19.71,19.39,19.1,18.82,18.53,18.23,17.91,17.57,17.18,16.75,16.27,15.73,15.14,14.5,13.82,13.12,12.41,11.73,11.08,10.48,9.92,9.4,8.91,8.46,8.04,7.65,7.29,6.95,6.63,6.32,6.04,5.79,5.56,5.35,5.16,4.97,4.81,4.65
55,Estonia,EST,0,0,0,0,0,0,0,0,0,0,0,0,0,0,0,0,0,0,0,0,2.71,2.62,2.53,2.45,2.38,2.31,2.26,2.2,2.15,2.09,2.02,1.95,1.86,1.78,1.68,1.58,1.48,1.38,1.28,1.19,1.1,1.02,0.94,0.86,0.79,0.73,0.67,0.61,0.55,0.51,0.46,0.42,0.38,0.35,0.32,0.29
56,Ethiopia,ETH,0,0,0,0,0,0,24.2,24.15,24.1,24.12,24.11,24.12,24.11,24.1,24.1,24.15,24.21,24.27,24.3,24.28,24.16,23.93,23.6,23.2,22.76,22.34,21.93,21.55,21.2,20.84,20.46,20.02,19.5,18.89,18.2,17.5,16.83,16.2,15.62,15.08,14.51,13.9,13.22,12.48,11.7,10.91,10.13,9.38,8.69,8.08,7.57,7.13,6.77,6.46,6.18,5.92
57,Fiji,FJI,7.18,6.87,6.6,6.38,6.17,6,5.85,5.73,5.64,5.58,5.53,5.49,5.46,5.42,5.36,5.28,5.16,5,4.82,4.61,4.4,4.2,4,3.83,3.68,3.54,3.41,3.3,3.18,3.08,2.98,2.88,2.8,2.72,2.66,2.62,2.58,2.54,2.51,2.48,2.45,2.42,2.39,2.37,2.37,2.37,2.38,2.39,2.4,2.4,2.39,2.37,2.35,2.32,2.29,2.24
58,Finland,FIN,2.68,2.52,2.38,2.25,2.13,2.02,1.93,1.84,1.76,1.69,1.61,1.54,1.46,1.38,1.31,1.22,1.14,1.06,0.99,0.92,0.87,0.82,0.79,0.76,0.74,0.73,0.73,0.72,0.71,0.69,0.67,0.64,0.61,0.58,0.55,0.52,0.49,0.47,0.46,0.44,0.43,0.42,0.41,0.4,0.39,0.38,0.36,0.35,0.33,0.32,0.3,0.29,0.27,0.26,0.24,0.23
59,France,FRA,2.85,2.7,2.57,2.45,2.34,2.23,2.14,2.06,1.99,1.91,1.82,1.74,1.66,1.59,1.54,1.5,1.45,1.39,1.33,1.28,1.24,1.19,1.15,1.11,1.07,1.03,1,0.98,0.96,0.93,0.9,0.86,0.81,0.76,0.7,0.65,0.61,0.58,0.56,0.55,0.54,0.53,0.51,0.49,0.47,0.46,0.45,0.44,0.43,0.43,0.43,0.43,0.43,0.44,0.44,0.43
60,Gabon,GAB,0,0,0,0,0,0,0,0,0,0,0,0,0,0,0,0,0,0,12.59,12.16,11.73,11.32,10.93,10.6,10.3,10.04,9.82,9.65,9.51,9.39,9.29,9.2,9.13,9.06,8.98,8.91,8.85,8.79,8.72,8.63,8.53,8.4,8.25,8.08,7.88,7.67,7.45,7.19,6.89,6.61,6.33,6.06,5.77,5.48,5.23,5.08
61,Gambia,GMB,36.24,35.63,35.03,34.41,33.83,33.24,32.65,32.05,31.46,30.88,30.26,29.64,29,28.35,27.69,27.04,26.39,25.75,25.12,24.49,23.85,23.19,22.53,21.83,21.12,20.4,19.68,18.99,18.31,17.66,17.02,16.42,15.85,15.29,14.75,14.24,13.74,13.25,12.79,12.32,11.88,11.45,11.02,10.6,10.19,9.79,9.42,9.06,8.74,8.43,8.14,7.86,7.61,7.36,7.11,6.89
62,Georgia,GEO,0,0,0,0,0,0,0,0,0,0,0,0,0,0,0,6.86,6.63,6.43,6.23,6.02,5.83,5.65,5.47,5.32,5.18,5.07,4.98,4.91,4.86,4.81,4.77,4.72,4.66,4.6,4.52,4.43,4.3,4.15,3.98,3.78,3.57,3.34,3.11,2.89,2.67,2.46,2.27,2.09,1.93,1.79,1.66,1.55,1.44,1.34,1.26,1.19
63,Germany,DEU,0,0,0,0,0,0,0,0,2.72,2.64,2.57,2.49,2.4,2.31,2.2,2.08,1.95,1.83,1.71,1.6,1.5,1.41,1.32,1.25,1.18,1.11,1.06,1.01,0.95,0.9,0.85,0.8,0.76,0.72,0.68,0.65,0.62,0.59,0.57,0.55,0.54,0.52,0.51,0.5,0.49,0.47,0.46,0.45,0.44,0.43,0.42,0.41,0.4,0.39,0.38,0.37
64,Ghana,GHA,21.09,20.86,20.67,20.5,20.38,20.31,20.29,20.27,20.28,20.25,20.19,20.07,19.85,19.53,19.1,18.59,18.07,17.58,17.16,16.84,16.62,16.46,16.31,16.13,15.85,15.46,14.97,14.41,13.82,13.26,12.74,12.31,11.97,11.71,11.51,11.34,11.16,10.95,10.69,10.4,10.07,9.73,9.42,9.13,8.87,8.65,8.44,8.22,7.99,7.74,7.47,7.19,6.92,6.65,6.4,6.16
65,Greece,GRC,5.58,5.44,5.28,5.1,4.93,4.78,4.63,4.46,4.24,4,3.76,3.56,3.41,3.31,3.24,3.14,3.01,2.85,2.69,2.51,2.35,2.19,2.06,1.95,1.85,1.74,1.64,1.53,1.43,1.33,1.26,1.19,1.14,1.09,1.05,1.01,0.97,0.93,0.88,0.83,0.78,0.73,0.68,0.63,0.59,0.55,0.52,0.5,0.48,0.48,0.47,0.47,0.47,0.47,0.46,0.46
66,Grenada,GRD,0,0,0,0,0,0,0,0,0,0,0,0,0,0,0,0,0,0,0,0,0,0,0,0,2.75,2.7,2.65,2.59,2.52,2.43,2.33,2.23,2.12,2.02,1.93,1.85,1.79,1.73,1.68,1.64,1.6,1.56,1.52,1.49,1.45,1.42,1.4,1.37,1.35,1.34,1.32,1.3,1.27,1.25,1.22,1.18
67,Guatemala,GTM,21.85,21.41,20.99,20.57,20.15,19.71,19.28,18.83,18.38,17.9,17.41,16.9,16.4,15.9,15.4,14.9,14.41,13.92,13.44,12.96,12.48,12.01,11.55,11.09,10.65,10.2,9.76,9.33,8.9,8.49,8.09,7.7,7.33,6.97,6.64,6.33,6.04,5.77,5.51,5.28,5.06,4.86,4.66,4.48,4.31,4.14,3.99,3.84,3.69,3.57,3.45,3.33,3.21,3.11,3.01,2.91
68,Guinea,GIN,0,35.13,34.9,34.68,34.43,34.19,33.9,33.62,33.33,33.02,32.72,32.41,32.08,31.75,31.39,31.01,30.59,30.14,29.67,29.19,28.69,28.22,27.74,27.26,26.78,26.31,25.84,25.36,24.88,24.37,23.82,23.24,22.62,21.97,21.29,20.59,19.9,19.2,18.48,17.75,17.02,16.29,15.58,14.9,14.27,13.67,13.12,12.59,12.1,11.63,11.19,10.77,10.4,10.04,9.7,9.37
69,Guinea-Bissau,GNB,0,0,0,0,0,0,0,0,0,0,0,0,0,0,0,0,0,0,0,0,0,0,0,0,0,0,24.67,24.22,23.75,23.33,22.93,22.49,22.03,21.55,21.04,20.55,20.01,19.46,18.89,18.33,17.75,17.15,16.53,15.9,15.26,14.62,13.99,13.36,12.76,12.16,11.59,11.04,10.52,10.05,9.62,9.25
70,Guyana,GUY,9.33,8.92,8.57,8.28,8.04,7.85,7.7,7.59,7.49,7.43,7.39,7.36,7.34,7.32,7.3,7.27,7.24,7.2,7.15,7.1,7.04,6.98,6.92,6.85,6.77,6.68,6.58,6.47,6.33,6.19,6.04,5.88,5.72,5.56,5.41,5.27,5.14,5.02,4.9,4.78,4.67,4.56,4.48,4.4,4.34,4.28,4.24,4.21,4.19,4.17,4.15,4.14,4.12,4.08,4.02,3.94
71,Haiti,HTI,29.14,28.66,28.19,27.73,27.3,26.85,26.39,25.92,25.46,24.99,24.51,24.01,23.48,22.94,22.4,21.84,21.3,20.75,20.22,19.69,19.19,18.69,18.19,17.7,17.22,16.76,16.3,15.85,15.42,15,14.58,14.17,13.76,13.33,12.91,12.49,12.07,11.65,11.24,10.85,10.48,10.13,9.81,9.51,9.24,9,8.77,8.55,8.33,8.12,20.88,7.72,7.52,7.31,7.1,6.9
72,Honduras,HND,21.02,20.34,19.68,19.03,18.42,17.78,17.16,16.56,15.96,15.37,14.79,14.22,13.66,13.12,12.57,12.05,11.53,11.03,10.53,10.04,9.57,9.11,8.67,8.25,7.84,7.46,7.09,6.74,6.42,6.11,5.82,5.55,5.29,5.06,4.84,4.64,4.44,4.26,6,3.91,3.74,3.58,3.42,3.27,3.13,3,2.88,2.76,2.65,2.54,2.44,2.35,2.26,2.18,2.11,2.04
73,Hungary,HUN,5.89,5.61,5.44,5.27,5.08,4.89,4.74,4.62,4.5,4.37,4.27,4.23,4.22,4.2,4.12,3.92,3.59,3.23,2.94,2.75,2.62,2.51,2.42,2.39,2.41,2.4,2.3,2.15,2.02,1.96,1.91,1.83,1.72,1.59,1.47,1.38,1.31,1.26,1.22,1.17,1.12,1.05,0.98,0.92,0.87,0.83,0.79,0.75,0.72,0.68,0.66,0.64,0.63,0.62,0.61,0.59
74,Iceland,ISL,2.14,2.11,2.07,2.02,1.97,1.91,1.85,1.78,1.71,1.65,1.58,1.52,1.46,1.4,1.34,1.28,1.22,1.15,1.09,1.03,0.98,0.92,0.88,0.84,0.8,0.77,0.74,0.71,0.69,0.66,0.64,0.62,0.59,0.57,0.55,0.52,0.5,0.47,0.45,0.42,0.4,0.38,0.36,0.34,0.33,0.31,0.29,0.28,0.27,0.25,0.24,0.23,0.22,0.21,0.21,0.2
75,India,IND,24.77,24.37,24,23.63,23.29,22.96,22.63,22.31,21.98,21.66,21.33,20.99,20.61,20.22,19.79,19.34,18.86,18.34,17.82,17.28,16.76,16.26,15.79,15.35,14.92,14.52,14.12,13.73,13.34,12.95,12.58,12.22,11.88,11.54,11.21,10.87,10.53,10.19,9.83,9.48,9.12,8.77,8.43,8.1,7.77,7.46,7.15,6.85,6.56,6.27,5.99,5.72,5.45,5.21,4.98,4.77
76,Indonesia,IDN,22.24,21.65,21.07,20.51,19.95,19.39,18.82,18.25,17.68,17.11,16.56,16.03,15.51,15.01,14.53,14.08,13.65,13.24,12.85,12.48,12.11,11.75,11.39,11.03,10.67,10.31,9.95,9.59,9.22,8.84,8.47,8.09,7.71,7.36,7.01,6.67,6.36,6.05,5.76,5.49,5.23,4.98,4.76,4.54,4.93,4.14,3.96,3.79,3.62,3.47,3.31,3.17,3.04,2.93,2.82,2.72
77,Iran,IRN,0,0,0,0,0,0,0,0,0,0,0,18.66,17.82,17.02,16.2,15.37,14.52,13.64,12.74,11.85,10.99,10.19,9.46,8.82,8.25,7.74,7.28,6.85,6.45,6.08,5.75,5.45,5.19,4.96,4.74,4.53,4.32,4.11,3.89,3.68,3.47,3.27,3.08,2.9,2.73,2.57,2.42,2.28,2.14,2.02,1.92,1.83,1.75,1.68,1.61,1.55
78,Iraq,IRQ,19.57,18.45,17.42,16.46,15.58,14.77,14.01,13.32,12.67,12.06,11.5,10.97,10.47,9.98,9.52,9.08,8.68,8.3,7.95,7.63,7.33,7.06,6.8,6.57,6.36,6.16,5.97,5.81,5.66,5.53,5.41,5.3,5.19,5.1,5,4.91,4.82,4.74,4.65,4.56,4.47,4.38,4.3,4.23,4.15,4.07,3.99,3.91,3.83,3.75,3.66,3.57,3.48,3.39,3.29,3.2
79,Ireland,IRL,3.53,3.39,3.25,3.13,3.01,2.86,2.7,2.55,2.41,2.3,2.22,2.17,2.14,2.11,2.06,2,1.91,1.8,1.68,1.55,1.43,1.33,1.24,1.17,1.11,1.07,1.04,1.01,0.99,0.96,0.92,0.86,0.81,0.77,0.74,0.73,0.73,0.73,0.73,0.73,0.71,0.69,0.65,0.61,0.56,0.52,0.49,0.46,0.45,0.43,0.42,0.41,0.4,0.38,0.37,0.36
80,Israel,ISR,0,0,0,0,0,0,0,0,0,0,0,0,0,0,2.92,2.62,2.38,2.18,2.02,1.9,1.8,1.73,1.66,1.6,1.52,1.44,1.37,1.31,1.25,1.21,1.16,1.11,1.05,0.99,0.92,0.87,0.82,0.78,0.75,0.72,0.69,0.66,0.64,0.61,0.58,0.56,0.53,0.51,0.49,0.47,0.46,0.44,0.43,0.42,0.41,0.4
81,Italy,ITA,5.2,4.98,4.76,4.54,4.31,4.11,3.93,3.78,3.64,3.51,3.36,3.18,2.98,2.76,2.53,2.31,2.11,1.95,1.81,1.7,1.61,1.52,1.43,1.35,1.27,1.2,1.13,1.08,1.04,1,0.97,0.93,0.89,0.85,0.8,0.75,0.7,0.66,0.62,0.59,0.55,0.52,0.5,0.47,0.45,0.44,0.43,0.42,0.41,0.41,0.4,0.39,0.38,0.37,0.36,0.35
82,Jamaica,JAM,8.44,8.08,7.75,7.45,7.18,6.92,6.68,6.45,6.23,6,5.78,5.55,5.33,5.12,4.93,4.76,4.6,4.45,4.31,4.19,4.07,3.95,3.84,3.73,3.63,3.53,3.43,3.33,3.24,3.15,3.06,2.96,2.87,2.78,2.69,2.6,2.51,2.43,2.34,2.27,2.2,2.14,2.09,2.04,2,1.97,1.95,1.92,1.89,1.85,1.81,1.76,1.72,1.67,1.62,1.57
83,Japan,JPN,3.97,3.62,3.28,2.97,2.7,2.46,2.26,2.1,1.96,1.85,1.75,1.65,1.57,1.49,1.41,1.33,1.25,1.18,1.11,1.05,0.99,0.93,0.88,0.83,0.79,0.75,0.71,0.68,0.66,0.64,0.63,0.62,0.61,0.6,0.59,0.57,0.55,0.52,0.5,0.47,0.45,0.43,0.41,0.4,0.39,0.37,0.36,0.35,0.34,0.33,0.32,0.34,0.3,0.29,0.28,0.27
84,Jordan,JOR,15.64,14.73,13.88,13.1,12.38,11.71,11.09,10.51,9.97,9.47,9.01,8.57,8.16,7.77,7.41,7.06,6.73,6.42,6.13,5.85,5.59,5.34,5.1,4.87,4.66,4.46,4.27,4.09,3.93,3.79,3.66,3.54,3.43,3.33,3.24,3.15,3.07,2.99,2.91,2.84,2.77,2.69,2.62,2.55,2.48,2.41,2.34,2.27,2.21,2.15,2.08,2.02,1.96,1.9,1.85,1.79
85,Kazakhstan,KAZ,0,0,0,0,0,0,0,0,0,0,0,8.45,8.26,8.08,7.93,7.78,7.64,7.5,7.36,7.2,7.02,6.81,6.59,6.36,6.15,5.94,5.75,5.58,5.44,5.33,5.26,5.24,5.27,5.29,5.31,5.27,5.18,5.01,4.81,4.59,4.36,4.12,3.9,3.68,3.47,3.25,3.03,2.81,2.59,2.37,2.16,1.96,1.79,1.64,1.51,1.41
86,Kenya,KEN,19.92,19.06,18.31,17.67,17.12,16.66,16.26,15.9,15.55,15.2,14.83,14.47,14.1,13.72,13.31,12.9,12.48,12.05,11.63,11.24,10.87,10.53,10.23,9.98,9.79,9.68,9.63,9.67,9.79,9.98,10.23,10.52,10.82,11.11,11.34,11.48,11.54,11.49,11.34,11.1,10.79,10.41,9.99,9.54,9.06,8.55,8.07,7.61,7.01,6.58,6.21,5.85,5.56,5.34,5.13,4.94
87,Kiribati,KIR,0,0,0,18.05,17.35,16.7,16.07,15.48,14.95,14.44,14,13.6,13.25,12.98,12.77,12.6,12.48,12.4,12.33,12.29,12.23,12.17,12.07,11.93,11.74,11.49,11.19,10.83,10.43,10.01,9.6,9.22,8.9,8.62,8.38,8.16,7.94,7.73,7.51,7.28,7.06,6.85,6.69,6.57,6.51,6.48,6.48,6.48,6.45,6.39,6.29,6.17,6.04,5.89,5.74,5.59
88,Kuwait,KWT,14.69,13.66,12.69,11.79,10.91,10.11,9.37,8.7,8.11,7.58,7.09,6.65,6.23,5.84,5.48,5.14,4.82,4.51,4.21,3.91,3.61,3.32,3.02,2.74,2.5,2.31,2.17,2.06,1.96,1.88,1.79,1.99,1.63,1.57,1.52,1.47,1.42,1.38,1.33,1.29,1.27,1.25,1.23,1.21,1.19,1.17,1.16,1.15,1.13,1.11,1.08,1.03,0.99,0.94,0.9,0.86
89,Kyrgyzstan,KGZ,0,0,0,0,0,0,0,0,0,0,0,0,0,0,0,11.26,11,10.76,10.52,10.24,9.95,9.6,9.22,8.79,8.35,7.91,7.5,7.14,6.84,6.62,6.5,6.47,6.45,6.41,6.3,6.13,5.89,5.63,5.37,5.11,4.87,4.64,4.44,4.25,4.08,3.93,3.79,3.63,3.44,3.23,3,2.78,2.57,2.4,2.26,2.13
90,Laos,LAO,0,0,0,0,0,0,0,0,0,0,0,0,0,0,0,0,0,0,20.83,20.42,20.03,19.66,19.29,18.92,18.55,18.18,17.81,17.43,17.05,16.64,16.24,15.82,15.38,14.93,14.47,14.01,13.55,13.09,12.64,12.2,11.77,11.34,10.92,10.51,10.11,9.72,9.35,8.98,8.62,8.28,7.97,7.67,7.4,7.13,6.91,6.67
91,Latvia,LVA,0,0,0,0,0,0,0,0,0,0,0,0,0,0,0,0,0,0,0,2.5,2.49,2.47,2.43,2.36,2.24,2.1,1.96,1.86,1.83,1.9,2.04,2.2,2.32,2.38,2.4,2.37,2.29,2.16,2.01,1.86,1.72,1.6,1.51,1.43,1.34,1.25,1.18,1.11,1.05,0.99,0.94,0.9,0.87,0.84,0.82,0.79
92,Lebanon,LBN,7.74,7.51,7.29,7.09,6.91,6.76,6.63,6.52,6.42,6.34,6.27,6.19,6.12,6.05,5.96,5.86,5.74,5.6,5.45,5.29,5.12,4.94,4.75,4.56,4.36,4.16,3.96,3.77,3.59,3.41,3.25,3.1,2.96,2.83,2.7,2.58,2.46,2.35,2.23,2.12,2,1.88,1.76,1.64,1.52,1.41,1.3,1.21,1.13,1.07,1.01,0.97,0.93,0.89,0.86,0.83
93,Lesotho,LSO,19.19,19.04,18.97,18.94,18.91,18.85,18.74,18.55,18.28,17.93,17.52,17.09,16.63,16.14,15.63,15.08,14.49,13.87,13.25,12.64,12.05,11.49,10.96,10.5,10.09,9.74,9.44,9.21,9.02,8.89,8.81,8.79,8.87,9.08,9.43,9.89,10.37,10.79,11.14,11.43,11.68,11.86,12.04,12.2,12.3,12.34,12.32,11.93,11.65,10.65,10.07,9.68,9.41,9.36,9.2,9.02
94,Liberia,LBR,31.63,31.64,31.54,31.4,31.17,30.88,30.56,30.14,29.68,29.16,28.63,28.12,27.62,27.13,26.61,26.12,25.68,25.23,24.84,24.46,24.11,23.8,23.56,23.4,23.37,23.5,23.78,24.21,24.69,25.15,25.5,25.67,25.54,25.16,24.55,23.74,22.77,21.71,20.58,19.39,18.18,16.97,15.76,14.59,13.48,12.47,11.57,10.78,10.09,9.47,8.93,8.45,8.03,7.63,7.29,6.99
95,Libya,LBY,28.15,26.34,24.67,23.07,21.52,20.06,18.66,17.32,16.05,14.87,13.78,12.76,11.83,10.99,10.23,9.55,8.94,8.4,7.91,7.48,7.08,6.72,6.37,6.05,5.73,5.44,5.16,4.89,4.63,4.39,4.16,3.95,3.76,3.59,3.44,3.31,3.19,3.08,2.99,2.9,2.81,2.73,2.65,2.55,2.44,2.31,2.17,2.02,1.88,1.76,1.66,1.76,1.51,1.45,1.39,1.34
96,Lithuania,LTU,0,0,0,0,0,0,0,3.02,2.92,2.71,2.5,2.37,2.33,2.36,2.42,2.48,2.5,2.47,2.4,2.32,2.24,2.17,2.12,2.07,2.01,1.92,1.79,1.67,1.59,1.58,1.65,1.8,1.97,2,1.86,1.65,1.48,1.36,1.28,1.22,1.18,1.13,1.09,1.05,1.02,0.99,0.95,0.88,0.81,0.74,0.67,0.61,0.56,0.53,0.52,0.52
97,Luxembourg,LUX,0,0,0,0,2.92,2.81,2.7,2.59,2.47,2.36,2.24,2.11,2,1.88,1.77,1.67,1.58,1.51,1.44,1.38,1.33,1.29,1.25,1.2,1.16,1.12,1.07,1.02,0.98,0.93,0.88,0.83,0.77,0.73,0.68,0.64,0.6,0.57,0.54,0.51,0.48,0.46,0.43,0.41,0.38,0.35,0.33,0.3,0.28,0.26,0.24,0.23,0.21,0.2,0.2,0.19
98,Macedonia,MKD,0,0,0,0,0,0,0,0,0,0,0,0,0,0,0,0,0,0,0,0,0,5.65,5.5,5.3,5.08,4.95,4.88,4.73,4.39,3.97,3.66,3.5,3.35,3.11,2.78,2.46,2.18,1.96,1.81,1.69,1.6,1.52,1.45,1.42,1.4,1.37,1.32,1.25,1.18,1.1,0.99,0.86,0.74,0.66,0.6,0.55
99,Madagascar,MDG,0,0,0,0,0,0,0,0,14.86,15.02,15.19,15.37,15.57,15.82,16.1,16.35,16.59,16.8,17.01,17.22,17.46,17.76,18.03,18.24,18.31,18.24,18.01,17.65,17.17,16.62,16.07,15.58,15.13,14.71,14.29,13.84,13.34,12.77,12.17,11.55,10.92,10.31,9.72,9.15,8.59,8.06,7.54,7.08,6.67,6.33,6.03,5.78,5.55,5.34,5.15,4.96
100,Malawi,MWI,0,0,0,0,35.72,35.57,35.4,35.29,35.18,34.99,34.7,34.23,33.59,32.78,31.88,30.94,29.9,28.77,27.66,26.6,25.67,24.92,24.44,24.27,24.46,24.84,25.2,25.31,25.18,24.81,24.24,23.5,22.68,21.9,21.26,20.75,20.3,19.87,19.31,18.5,17.44,16.17,14.8,13.52,12.46,11.62,10.99,10.49,10,9.54,9.09,8.45,7.73,7.13,6.69,6.4
101,Malaysia,MYS,9.28,8.77,8.29,7.85,7.45,7.08,6.73,6.42,6.13,5.85,5.58,5.31,5.05,4.78,4.51,4.25,3.99,3.74,3.5,3.27,3.05,2.85,2.66,2.48,2.32,2.18,2.05,1.94,1.83,1.74,1.66,1.58,1.51,1.44,1.39,1.33,1.29,1.24,1.18,1.1,1.02,0.94,0.89,0.85,0.83,0.82,0.81,0.8,0.8,0.8,0.8,0.79,0.77,0.75,0.72,0.7
102,Maldives,MDV,0,0,0,32.35,31.5,30.66,29.79,28.9,27.98,27.05,26.09,25.05,23.95,22.79,21.59,20.44,19.34,18.3,17.32,16.39,15.53,14.73,14,13.31,12.66,12.03,11.45,10.89,10.37,9.88,9.41,8.95,8.51,8.04,7.57,7.08,6.58,6.05,5.52,4.98,4.44,3.92,3.43,2.99,2.88,2.28,2.01,1.78,1.6,1.44,1.3,1.18,1.07,0.99,0.92,0.86
103,Mali,MLI,0,0,0,44.35,43.58,42.85,42.18,41.54,40.98,40.46,40,39.54,39.03,38.4,37.66,36.83,35.94,35.04,34.14,33.29,32.47,31.7,30.89,30.07,29.26,28.5,27.79,27.13,26.52,25.95,25.44,25,24.66,24.39,24.2,24,23.79,23.53,23.17,22.64,21.96,21.12,20.18,19.18,18.17,17.18,16.29,15.51,14.83,14.2,13.66,13.17,12.7,12.27,11.83,11.47
104,Malta,MLT,4.07,3.91,3.77,3.65,3.54,3.43,3.31,3.18,3.05,2.92,2.78,2.65,2.51,2.39,2.26,2.14,2.03,1.93,1.84,1.76,1.69,1.63,1.57,1.51,1.45,1.39,1.33,1.27,1.22,1.17,1.13,1.09,1.05,1.02,0.98,0.94,0.91,0.87,0.84,0.81,0.78,0.75,0.73,0.72,0.7,0.7,0.69,0.68,0.68,0.68,0.67,0.67,0.67,0.66,0.65,0.64
105,Marshall Islands,MHL,12.9,12.37,11.86,11.4,10.94,10.5,10.11,9.73,9.37,9.05,8.75,8.47,8.24,8.04,7.87,7.73,7.6,7.47,7.35,7.21,7.05,6.88,6.69,6.49,6.28,6.07,5.87,5.66,5.45,5.24,5.03,4.83,4.64,4.48,4.34,4.25,4.19,4.16,4.15,4.15,4.14,4.13,4.11,4.07,4.04,4.02,3.99,3.97,3.95,3.93,3.91,3.88,3.83,3.78,3.7,3.6
106,Mauritania,MRT,25.59,24.9,24.2,23.52,22.85,22.2,21.55,20.88,20.26,19.75,19.39,19.15,19.02,18.93,18.8,18.55,18.2,17.8,17.34,16.86,16.41,15.95,15.49,15,14.48,13.92,13.37,12.86,12.43,12.07,11.81,11.62,11.49,11.43,11.39,11.38,11.39,11.39,11.39,11.36,11.35,11.31,11.29,11.24,11.14,10.98,10.79,10.55,10.3,10.04,9.78,9.54,9.27,9.02,8.75,8.47
107,Mauritius,MUS,10.21,9.86,9.34,8.7,8.36,8.64,9.27,9.61,9.27,8.69,8.29,8.1,7.94,7.69,7.23,6.52,5.74,5.08,4.62,4.29,4.03,3.77,3.47,3.13,2.89,2.84,2.9,2.88,2.71,2.49,2.31,2.18,2.12,2.12,2.16,2.22,2.27,2.26,2.16,2.02,1.86,1.71,1.61,1.56,1.56,1.57,1.59,1.6,1.58,1.55,1.52,1.49,1.46,1.43,1.39,1.35
108,Mexico,MEX,0,0,0,12.97,12.73,12.46,12.2,11.91,11.58,11.23,10.86,10.49,10.11,9.77,9.45,9.15,8.86,8.56,8.24,7.88,7.51,7.13,6.76,6.43,6.14,5.87,5.62,5.38,5.14,4.9,4.66,4.41,4.17,3.94,3.72,3.5,3.3,3.1,2.91,2.73,2.56,2.41,2.26,2.14,2.04,1.95,1.89,1.84,1.79,1.74,1.68,1.6,1.53,1.45,1.38,1.32
109,Micronesia (country),FSM,0,0,0,0,0,0,0,0,0,0,0,0,0,0,0,0,0,0,0,0,0,5.72,5.8,5.87,5.9,5.9,5.86,5.8,5.71,5.63,5.56,5.52,5.5,5.51,5.53,5.56,5.59,5.6,5.56,5.49,5.39,5.28,5.16,5.02,4.88,4.74,4.59,4.46,4.31,4.2,4.07,3.94,3.82,3.7,3.58,3.47
110,Moldova,MDA,0,0,0,0,0,0,0,0,0,0,0,6.5,6.32,6.14,5.96,5.79,5.62,5.46,5.3,5.16,5.03,4.88,4.7,4.51,4.29,4.07,3.85,3.65,3.48,3.36,3.31,3.33,3.42,3.56,3.7,3.81,3.84,3.78,3.63,3.4,3.13,2.83,2.54,2.3,2.11,1.97,1.87,1.81,1.77,1.74,1.72,1.69,1.67,1.64,1.61,1.58
111,Monaco,MCO,0,0,0,0,0,0,0,0,0,0,0,0,0,0,0,0,0,0,0,0,0,0,0,0,0,0,0,0,0,0.81,0.78,0.74,0.71,0.68,0.65,0.62,0.6,0.58,0.55,0.53,0.52,0.5,0.48,0.47,0.46,0.45,0.44,0.43,0.42,0.41,0.4,0.39,0.38,0.37,0.36,0.35
112,Mongolia,MNG,0,0,0,0,0,0,0,0,0,0,0,0,0,0,0,0,0,0,17.99,17.27,16.59,15.94,15.33,14.74,14.15,13.58,13,12.42,11.85,11.31,10.78,10.28,9.8,9.34,8.9,8.46,8.03,7.59,7.15,6.71,6.27,5.84,5.43,5.04,4.68,4.34,4.03,3.74,3.48,3.23,3,2.8,2.62,2.47,2.35,2.24
113,Montenegro,MNE,0,0,0,0,0,0,0,0,0,0,0,0,0,0,0,0,0,0,0,0,0,0,0,0,2.69,2.46,2.24,2.05,1.89,1.76,1.66,1.6,1.56,1.53,1.52,1.51,1.5,1.49,1.46,1.43,1.38,1.32,1.26,1.19,1.11,1.04,0.96,0.89,0.81,0.74,0.68,0.62,0.57,0.53,0.5,0.47
114,Morocco,MAR,23.94,23.45,22.96,22.45,21.93,21.41,20.87,20.34,19.81,19.32,18.87,18.44,18.04,17.61,17.14,16.62,16.04,15.41,14.74,14.06,13.38,12.72,12.08,11.46,10.86,10.3,9.77,9.27,8.81,8.4,8.01,7.65,7.3,6.97,6.64,6.33,6.03,5.75,5.48,5.23,5,4.79,4.58,4.39,4.21,4.04,3.88,3.73,3.58,3.45,3.31,3.19,3.07,2.97,2.86,2.76
115,Mozambique,MOZ,0,0,0,0,0,27.8,27.72,27.59,27.49,27.37,27.26,27.15,27.04,26.94,26.83,26.67,26.57,26.44,26.34,26.25,26.18,26.1,25.98,25.83,25.62,25.38,25.12,24.85,24.57,24.28,23.97,23.64,23.24,22.77,22.2,21.52,20.74,19.88,18.95,18.01,17.11,16.25,15.45,14.71,14.02,13.38,12.78,12.01,11.36,10.76,10.28,9.75,9.09,8.56,8.12,7.85
116,Myanmar,MMR,0,0,0,0,0,0,0,0,18.75,18.33,17.92,17.52,17.12,16.71,16.32,15.91,15.53,15.12,14.73,14.36,14,13.67,13.34,13.03,12.72,12.43,12.13,11.85,11.56,11.27,10.99,10.7,10.41,10.11,9.82,9.54,9.27,9,8.74,8.48,8.23,7.99,7.75,7.52,7.28,7.05,6.81,6.58,8.72,6.14,5.93,5.72,5.53,5.35,5.17,5
117,Namibia,NAM,0,0,0,0,0,0,0,9.61,9.62,9.64,9.67,9.7,9.72,9.75,9.78,9.81,9.84,9.86,9.86,9.84,9.77,9.65,9.47,9.25,8.98,8.7,8.39,8.11,7.83,7.57,7.35,7.17,7.04,6.97,6.97,7.02,7.12,7.24,7.37,7.49,7.57,7.6,7.58,7.52,7.39,7.17,6.84,6.4,6.01,5.67,5.38,5.16,4.99,4.77,4.64,4.54
118,Nauru,NRU,0,0,0,0,0,0,0,0,0,0,0,0,0,0,0,0,0,0,0,0,0,0,0,0,0,0,0,0,0,0,5.69,5.49,5.31,5.13,4.96,4.8,4.64,4.49,4.35,4.22,4.12,4.03,3.95,3.9,3.88,3.87,3.9,3.93,3.97,3.97,3.94,3.88,3.81,3.72,3.63,3.54
119,Nepal,NPL,32.71,32.3,31.81,31.26,30.65,30,29.31,28.63,27.98,27.36,26.76,26.18,25.62,25.08,24.53,23.98,23.42,22.83,22.22,21.58,20.94,20.29,19.63,18.98,18.32,17.65,16.95,16.23,15.51,14.79,14.07,13.36,12.67,12,11.37,10.77,10.18,9.63,9.08,8.56,8.06,7.59,7.15,6.74,6.35,6,5.66,5.36,5.07,4.8,4.54,4.31,4.09,3.9,3.74,3.58
120,Netherlands,NLD,2.08,2.03,1.97,1.93,1.88,1.83,1.79,1.74,1.69,1.64,1.58,1.53,1.47,1.41,1.36,1.31,1.26,1.21,1.16,1.12,1.09,1.06,1.04,1.02,0.99,0.97,0.95,0.92,0.89,0.86,0.83,0.8,0.77,0.74,0.71,0.69,0.67,0.65,0.64,0.63,0.62,0.61,0.59,0.57,0.56,0.54,0.52,0.5,0.48,0.46,0.44,0.43,0.42,0.4,0.39,0.38
121,New Zealand,NZL,2.79,2.68,2.58,2.47,2.38,2.31,2.25,2.2,2.16,2.12,2.08,2.03,1.99,1.94,1.89,1.83,1.77,1.71,1.66,1.61,1.56,1.52,1.48,1.45,1.42,1.38,1.34,1.29,1.24,1.18,1.12,1.06,1,0.95,0.91,0.87,0.84,0.81,0.78,0.76,0.74,0.72,0.7,0.69,0.67,0.66,0.65,0.64,0.64,0.63,0.62,0.61,0.6,0.59,0.58,0.57
122,Nicaragua,NIC,19.93,19.7,19.48,19.25,19,18.76,18.49,18.2,17.88,17.52,17.14,16.72,16.24,15.71,15.11,14.47,13.78,13.05,12.32,11.6,10.91,10.27,9.68,9.15,8.68,8.27,7.89,7.56,7.26,6.97,6.69,6.4,6.12,5.83,5.55,5.27,5,4.74,5.03,4.25,4.03,3.83,3.64,3.47,3.32,3.17,3.04,2.92,2.81,2.71,2.61,2.52,2.44,2.35,2.28,2.21
123,Niger,NER,0,0,0,0,0,0,0,31.51,31.88,32.29,32.7,33.09,33.43,33.7,33.8,33.71,33.46,33.05,32.6,32.2,31.96,31.91,32.1,32.45,32.89,33.29,33.58,33.69,33.57,33.29,32.82,32.19,31.37,30.38,29.22,27.95,26.71,25.59,24.58,23.64,22.73,21.76,20.7,19.57,18.41,17.27,16.18,15.13,14.13,13.21,12.36,11.61,10.96,10.41,9.96,9.55
124,Nigeria,NGA,0,0,0,0,32.75,32.05,31.38,30.7,30,29.26,28.49,27.71,26.89,26.04,25.23,24.43,23.68,22.99,22.38,21.86,21.44,21.15,20.96,20.89,20.88,20.95,21.06,21.15,21.22,21.26,21.25,21.22,21.17,21.1,20.97,20.78,20.51,20.14,19.7,19.2,18.68,18.13,17.56,16.99,16.41,15.81,15.22,14.64,14.09,13.55,13.03,12.55,12.09,11.66,11.25,10.88
125,North Korea,PRK,0,0,0,0,0,0,0,0,0,0,0,0,0,0,0,0,0,0,0,0,0,0,0,0,0,3.51,3.47,3.52,3.68,3.95,4.34,4.86,5.48,6.13,6.77,7.28,7.57,7.57,7.29,6.74,6,5.2,4.46,3.87,3.47,3.27,3.22,3.24,3.24,3.21,3.13,3.01,2.87,2.74,2.61,2.49
126,Norway,NOR,2.26,2.21,2.15,2.1,2.04,1.97,1.9,1.82,1.75,1.69,1.62,1.56,1.5,1.43,1.36,1.29,1.22,1.15,1.09,1.04,1.01,0.99,0.99,1,1.01,1.02,1.03,1.01,0.98,0.93,0.87,0.79,0.72,0.66,0.61,0.57,0.54,0.52,0.51,0.5,0.49,0.47,0.45,0.44,0.42,0.4,0.39,0.37,0.35,0.34,0.32,0.31,0.3,0.28,0.27,0.26
127,Oman,OMN,0,0,0,32.58,31.04,29.55,28.13,26.75,25.39,24.05,22.76,21.51,20.27,19.08,17.9,16.74,15.58,14.44,13.31,12.22,11.16,10.14,9.16,8.24,7.39,6.61,5.93,5.33,4.81,4.36,3.94,3.57,3.24,2.94,2.68,2.45,2.25,2.08,1.92,1.78,1.66,1.55,1.46,1.38,1.32,1.27,1.23,1.21,1.19,1.17,1.17,1.16,1.16,1.17,1.16,1.16
128,Pakistan,PAK,26.19,25.16,24.19,23.27,22.43,21.67,20.98,20.38,19.83,19.33,18.88,18.47,18.1,17.77,17.46,17.2,16.96,16.73,16.53,16.34,16.15,15.96,15.77,15.56,15.34,15.11,14.87,14.62,14.36,14.11,13.86,13.6,13.35,13.1,12.83,12.57,12.3,12.03,11.76,11.49,11.23,10.98,10.75,10.53,10.32,10.12,9.93,9.74,9.55,9.37,9.18,8.99,8.78,8.56,8.33,8.11
129,Palau,PLW,0,0,0,0,0,0,0,0,0,0,0,0,0,0,0,0,0,0,0,0,0,0,0,0,4.18,4.08,3.99,3.9,3.8,3.71,3.61,3.52,3.42,3.33,3.23,3.13,3.04,2.94,2.85,2.77,2.68,2.59,2.51,2.44,2.36,2.29,2.21,2.14,2.07,2.01,1.94,1.88,1.82,1.75,1.7,1.64
130,Palestine,PSE,0,0,0,0,0,0,0,0,0,0,0,0,0,0,0,10.95,10.28,9.66,9.07,8.52,8,7.52,7.07,6.65,6.26,5.89,5.55,5.23,4.94,4.67,4.44,4.23,4.04,3.87,3.72,3.57,3.44,3.31,3.19,3.08,2.98,2.89,2.82,2.75,2.69,2.63,2.58,2.52,2.47,2.42,2.38,2.33,2.28,2.23,2.17,2.11
131,Panama,PAN,9.21,8.95,8.68,8.42,8.18,7.96,7.74,7.52,7.29,7.05,6.77,6.47,6.16,5.86,5.57,5.33,5.12,4.93,4.77,4.61,4.46,4.3,4.14,3.98,3.82,3.67,3.54,3.41,3.29,3.19,3.09,3.01,2.94,2.89,2.84,2.81,2.77,2.74,2.7,2.65,2.6,2.54,2.48,2.41,2.35,2.29,2.23,2.17,2.1,2.05,1.98,1.92,1.87,1.81,1.76,1.7
132,Papua New Guinea,PNG,20.02,19.4,18.8,18.21,17.63,17.06,16.5,15.97,15.44,14.93,14.44,13.98,13.54,13.12,12.72,12.35,11.99,11.66,11.36,11.07,10.81,10.56,10.32,10.11,9.9,9.72,9.55,9.39,9.24,9.09,8.94,8.8,8.66,8.53,8.41,8.3,8.2,8.1,8.02,7.93,7.85,7.77,7.7,7.61,7.52,7.42,7.29,7.15,6.97,6.79,6.61,6.43,6.25,6.09,5.91,5.73
133,Paraguay,PRY,8.53,8.43,8.34,8.27,8.2,8.13,8.06,8.01,7.94,7.87,7.8,7.71,7.61,7.51,7.38,7.25,7.11,6.96,6.8,6.64,6.47,6.29,6.1,5.91,5.72,5.53,5.35,5.17,4.99,4.82,4.65,4.49,4.33,4.19,4.05,3.92,3.79,3.68,3.57,3.46,3.35,3.25,3.15,3.04,2.94,2.84,2.75,2.66,2.57,2.49,2.41,2.33,2.26,2.19,2.12,2.05
134,Peru,PER,22.74,22.07,21.38,20.66,19.94,19.23,18.56,17.95,17.39,16.88,16.38,15.9,15.42,14.95,14.49,14.05,13.67,13.33,13.04,12.77,12.49,12.18,11.83,11.41,10.93,10.42,9.88,9.35,8.86,8.4,7.97,7.54,7.1,6.65,6.2,5.75,5.32,4.91,4.53,4.18,3.86,3.58,3.33,3.11,2.91,2.74,2.59,2.45,2.32,2.21,2.1,2,1.91,1.83,1.75,1.69
135,Philippines,PHL,10.6,10.24,9.95,9.68,9.46,9.24,9.04,8.85,8.67,8.52,8.4,8.31,8.26,8.23,8.21,8.21,8.2,8.18,8.15,8.09,8.01,7.93,7.84,7.73,7.59,7.4,7.16,6.86,6.52,6.17,5.82,5.49,5.21,4.95,4.74,4.56,4.4,4.27,4.16,4.06,3.97,3.89,3.81,3.73,3.65,3.57,3.49,3.42,3.34,3.26,3.19,3.12,3.04,2.96,2.88,2.8
136,Poland,POL,6.47,5.94,5.56,5.25,4.93,4.59,4.26,4.02,3.88,3.77,3.63,3.45,3.25,3.04,2.87,2.77,2.71,2.64,2.55,2.46,2.39,2.33,2.27,2.2,2.12,2.03,1.95,1.89,1.84,1.79,1.73,1.68,1.64,1.6,1.55,1.45,1.33,1.2,1.08,0.99,0.93,0.88,0.84,0.81,0.78,0.76,0.73,0.7,0.67,0.62,0.58,0.55,0.53,0.52,0.52,0.52
137,Portugal,PRT,11.46,11.03,10.43,9.76,9.1,8.52,8.08,7.77,7.51,7.2,6.82,6.34,5.8,5.26,4.78,4.35,3.95,3.56,3.23,2.97,2.76,2.58,2.42,2.28,2.16,2.04,1.93,1.82,1.7,1.59,1.47,1.36,1.25,1.14,1.05,0.97,0.91,0.86,0.82,0.77,0.72,0.67,0.61,0.56,0.51,0.47,0.44,0.42,0.41,0.4,0.39,0.38,0.38,0.38,0.37,0.36
138,Qatar,QAT,0,0,0,0,0,0,0,0,0,7.09,6.62,6.18,5.77,5.4,5.05,4.75,4.47,4.22,4,3.8,3.62,3.44,3.28,3.13,2.97,2.82,2.67,2.52,2.37,2.22,2.08,1.95,1.82,1.71,1.61,1.53,1.46,1.39,1.34,1.29,1.24,1.19,1.15,1.11,1.07,1.03,1,0.97,0.95,0.92,0.9,0.88,0.86,0.84,0.82,0.8
139,Romania,ROU,0,0,0,0,0,0,0,0,7.27,6.94,6.56,6.17,5.82,5.52,5.26,5.04,4.85,4.67,4.51,4.35,4.2,4.06,3.94,3.87,3.86,3.89,3.94,3.98,3.98,3.9,3.77,3.64,3.51,3.41,3.32,3.23,3.14,3.04,2.92,2.81,2.69,2.59,2.49,2.37,2.24,2.09,1.92,1.76,1.61,1.49,1.39,1.32,1.25,1.2,1.15,1.11
140,Russia,RUS,0,0,0,0,0,0,0,0,0,0,4.42,4.24,4.07,3.92,3.77,3.66,3.56,3.48,3.42,3.36,3.3,3.25,3.19,3.13,3.07,3,2.91,2.81,2.72,2.64,2.6,2.59,2.61,2.63,2.64,2.64,2.6,2.56,2.5,2.42,2.32,2.2,2.07,1.93,1.8,1.67,1.55,1.44,1.35,1.27,1.2,1.14,1.08,1.04,0.99,0.96
141,Rwanda,RWA,21.6,21.13,20.79,20.6,20.53,20.57,20.71,20.9,21.17,21.5,21.87,22.26,22.7,23.24,23.88,24.49,24.94,25.04,24.52,23.36,21.82,20.16,18.65,17.44,16.6,16.01,15.53,15.16,14.94,14.93,15.18,15.73,16.59,18.54,29.96,26.83,20.33,22.3,23.4,20.06,18.38,17.02,15.47,13.94,12.44,11.07,9.86,8.78,7.83,7.06,6.41,5.77,5.21,4.78,4.43,4.17
142,Saint Kitts and Nevis,KNA,0,0,0,0,0,0,0,0,0,0,6.94,6.72,6.51,6.31,6.12,5.96,5.8,5.65,5.49,5.3,5.09,4.85,4.59,4.32,4.05,3.8,3.57,3.35,3.16,2.99,2.84,2.71,2.59,2.48,2.38,2.29,2.2,2.11,2.02,1.94,1.86,1.78,1.71,1.64,1.58,1.52,1.46,1.4,1.35,1.3,1.25,1.21,1.17,1.13,1.09,1.05
143,Saint Lucia,LCA,0,0,0,0,0,0,0,0,0,0,7.55,6.87,6.23,5.65,5.12,4.65,4.26,3.94,3.7,3.51,3.35,3.22,3.1,2.98,2.86,2.73,2.61,2.49,2.4,2.32,2.26,2.21,2.16,2.12,2.06,2.01,1.96,1.9,1.86,1.82,1.78,1.76,1.74,1.73,1.72,1.71,1.7,1.68,1.66,1.63,1.61,1.58,1.54,1.51,1.47,1.43
144,Saint Vincent and the Grenadines,VCT,0,0,0,0,0,0,0,0,0,7.95,8.04,8.11,8.14,8.11,8,7.8,7.52,7.16,6.74,6.26,5.77,5.26,4.76,4.29,3.86,3.49,3.18,2.93,2.73,2.57,2.45,2.36,2.3,2.26,2.24,2.24,2.24,2.24,2.24,2.23,2.22,2.21,2.2,2.19,2.18,2.18,2.17,2.16,2.14,2.11,2.08,2.03,1.98,1.93,1.88,1.83
145,Samoa,WSM,0,0,0,0,0,0,0,0,0,0,0,0,0,0,0,0,0,0,0,0,0,0,0,0,3.9,3.73,3.58,3.45,3.32,3.21,3.1,3,2.9,2.79,2.69,2.59,2.49,2.41,2.32,2.24,2.17,2.1,2.04,2,1.96,1.93,1.91,1.89,1.88,2.41,1.87,1.86,1.85,1.82,1.79,1.75
146,San Marino,SMR,0,0,0,0,0,0,0,0,0,0,0,0,0,0,0,0,0,0,0,0,0,0,0,0,0,0,1.43,1.34,1.25,1.17,1.09,1.02,0.95,0.89,0.83,0.78,0.73,0.68,0.63,0.59,0.55,0.52,0.49,0.46,0.44,0.42,0.4,0.39,0.37,0.36,0.35,0.34,0.32,0.31,0.3,0.29
147,Sao Tome and Principe,STP,0,0,0,0,0,9.71,9.39,9.11,8.89,8.75,8.69,8.7,8.76,8.85,8.94,9.01,9.06,9.1,9.12,9.19,9.28,9.41,9.57,9.79,10.01,10.26,10.48,10.69,10.84,10.98,11.07,11.12,11.11,11.02,10.87,10.65,10.37,10.05,9.7,9.32,8.93,8.54,8.15,7.76,7.37,7.01,6.67,6.36,6.1,5.85,5.64,5.44,5.24,5.08,4.9,4.73
148,Saudi Arabia,SAU,0,0,0,0,0,0,0,0,0,0,0,0,16.1,15.09,14.19,13.34,12.56,11.8,11.11,10.44,9.8,9.19,8.6,8.03,7.47,6.91,6.37,5.84,5.33,4.86,4.43,4.05,3.71,3.42,3.18,2.97,2.78,2.63,2.5,2.38,2.29,2.2,2.13,2.07,2.01,1.97,1.92,1.87,1.81,1.76,1.7,1.65,1.6,1.55,1.5,1.45
149,Senegal,SEN,30.33,30.25,30.24,30.23,30.22,30.16,30.04,29.9,29.7,29.44,29.05,28.54,27.89,27.11,26.22,25.24,24.18,23.13,22.16,21.28,20.52,19.86,19.25,18.65,17.99,17.26,16.45,15.66,14.96,14.41,14.04,13.87,13.85,13.93,14.06,14.21,14.32,14.34,14.24,13.97,13.49,12.84,12.07,11.25,10.42,9.62,8.88,8.2,7.58,7.01,6.48,6,5.59,5.25,4.97,4.72
150,Serbia,SRB,0,0,0,0,0,0,0,0,0,0,0,0,0,0,0,0,0,0,0,0,0,0,0,0,4.03,3.91,3.79,3.62,3.39,3.12,2.84,2.59,2.42,2.31,2.18,1.97,1.74,1.54,1.39,1.31,1.26,1.22,1.16,1.06,0.96,0.89,0.84,0.81,0.8,0.78,0.76,0.73,0.71,0.69,0.68,0.67
151,Seychelles,SYC,10.26,10.05,9.84,9.61,9.34,9.06,8.75,8.4,8.01,7.61,7.19,6.77,6.34,5.92,5.48,5.04,4.58,4.15,3.74,3.36,3.04,2.76,2.53,2.34,2.18,2.05,1.95,1.86,1.78,1.71,1.65,1.6,1.55,1.51,1.47,1.45,1.43,1.42,1.42,1.42,1.43,1.43,1.43,1.43,1.43,1.42,1.42,1.42,1.42,1.42,1.42,1.42,1.42,1.4,1.38,1.36
152,Sierra Leone,SLE,39.6,39.03,38.47,37.87,37.26,36.62,35.98,35.34,34.66,34.05,33.46,32.9,32.36,31.84,31.34,30.87,30.42,29.98,29.57,29.15,28.76,28.4,28.09,27.79,27.52,27.28,27.05,26.82,26.67,26.52,26.43,26.34,26.26,26.15,25.99,25.75,25.44,25.05,24.6,24.11,23.58,22.99,22.39,21.74,21.08,20.37,19.62,18.8,17.91,16.99,16.02,15.06,14.16,13.34,12.64,12.04
153,Singapore,SGP,4.78,4.38,4.05,3.82,3.65,3.5,3.36,3.2,3.03,2.87,2.74,2.61,2.43,2.2,1.97,1.76,1.6,1.52,1.51,1.52,1.48,1.41,1.32,1.23,1.16,1.09,1.04,0.98,0.92,0.84,0.77,0.69,0.63,0.58,0.54,0.52,0.5,0.48,0.46,0.43,0.4,0.37,0.34,0.32,0.3,0.29,0.29,0.29,0.28,0.28,0.28,0.28,0.28,0.28,0.28,0.27
154,Slovakia,SVK,0,0,0,0,0,0,0,0,0,0,0,0,0,0,0,0,0,0,0,0,0,2.59,2.48,2.38,2.28,2.18,2.09,2,1.92,1.84,1.77,1.69,1.63,1.56,1.5,1.44,1.38,1.32,1.27,1.22,1.17,1.13,1.09,1.06,1.02,0.99,0.95,0.92,0.89,0.86,0.84,0.81,0.79,0.77,0.75,0.73
155,Slovenia,SVN,0,0,0,0,0,0,0,0,0,0,0,0,0,0,0,0,0,0,0,0,0,1.8,1.7,1.61,1.52,1.44,1.35,1.27,1.19,1.11,1.04,0.97,0.91,0.85,0.79,0.74,0.7,0.66,0.62,0.58,0.55,0.52,0.5,0.47,0.45,0.43,0.4,0.38,0.36,0.35,0.33,0.31,0.3,0.28,0.27,0.26
156,Solomon Islands,SLB,19.59,18.56,17.59,16.67,15.79,14.97,14.14,13.28,12.41,11.56,10.72,9.92,9.19,8.52,7.91,7.35,6.84,6.39,5.99,5.64,5.35,5.11,4.9,4.73,4.58,4.45,4.33,4.23,4.14,4.06,3.97,3.89,3.79,3.7,3.62,3.54,3.48,3.43,3.39,3.35,3.31,3.29,3.28,3.29,3.31,3.32,3.34,3.33,3.31,3.26,3.21,3.14,3.07,2.99,2.89,2.81
157,Somalia,SOM,0,0,0,0,0,0,0,0,0,0,0,0,0,0,0,0,0,0,0,0,0,0,0,18.91,18.71,18.6,18.54,18.49,18.41,18.27,18.02,17.72,17.53,17.45,17.44,17.44,17.44,17.44,17.44,17.44,17.44,17.44,17.44,17.44,17.44,17.43,17.37,17.18,16.85,16.44,16.02,15.53,15.06,14.61,14.12,13.68
158,South Africa,ZAF,0,0,0,0,0,0,0,0,0,0,0,0,0,0,13.34,12.66,12,11.33,10.64,9.96,9.31,8.71,8.19,7.74,7.38,7.07,6.79,6.55,6.33,6.14,5.99,5.88,5.84,5.89,6.01,6.21,6.46,6.74,7.02,7.28,7.53,7.71,7.81,7.81,7.68,7.52,7.31,7.13,6.84,6.35,5.38,4.98,4.77,4.34,4.14,4.05
159,South Korea,KOR,11.29,10.65,10.08,9.51,8.95,8.38,7.78,7.17,6.54,5.9,5.28,4.68,4.12,3.59,3.12,2.71,2.35,2.04,1.79,1.59,1.43,1.31,1.22,1.14,1.07,1,0.93,0.86,0.8,0.75,0.71,0.68,0.64,0.61,0.58,0.55,0.53,0.53,0.55,0.58,0.61,0.64,0.65,0.64,0.6,0.56,0.52,0.48,0.45,0.43,0.41,0.4,0.38,0.37,0.36,0.34
160,South Sudan,SSD,0,0,0,0,0,0,0,0,0,0,0,0,0,0,0,0,0,0,0,29.82,29.47,29.13,28.85,28.47,28.04,27.65,27.18,26.73,26.27,25.78,25.32,24.81,24.25,23.66,23.03,22.35,21.61,20.85,20.03,19.14,18.23,17.3,16.38,15.52,14.7,13.93,13.21,12.57,12,11.52,11.09,10.67,10.28,9.92,9.56,9.26
161,Spain,ESP,5.56,5.16,4.82,4.53,4.29,4.08,3.88,3.67,3.44,3.18,2.92,2.66,2.44,2.31,2.3,2.35,2.36,2.28,2.13,1.95,1.78,1.64,1.54,1.47,1.4,1.34,1.28,1.23,1.19,1.15,1.1,1.05,1.01,0.95,0.89,0.83,0.77,0.73,0.7,0.67,0.65,0.63,0.62,0.61,0.59,0.57,0.55,0.52,0.5,0.48,0.46,0.45,0.44,0.43,0.42,0.41
162,Sri Lanka,LKA,10.11,9.66,9.23,8.84,8.49,8.18,7.89,7.65,7.44,7.26,7.11,6.97,6.85,6.71,6.55,6.36,6.14,5.89,5.61,5.31,4.98,4.62,4.23,3.83,3.42,3.03,2.69,2.42,2.25,2.15,2.12,2.13,2.13,2.11,2.07,2.02,1.95,1.87,1.79,1.7,1.63,1.58,1.54,1.51,2.89,1.4,1.32,1.25,1.18,1.13,1.09,1.06,1.04,1.02,1,0.98
163,Sudan,SDN,17.84,17.52,17.22,16.93,16.65,16.4,16.17,15.96,15.77,15.6,15.46,15.33,15.21,15.08,14.96,14.83,14.7,14.56,14.43,14.32,14.21,14.09,13.99,13.88,13.75,13.6,13.45,13.28,13.11,12.93,12.75,12.57,12.39,12.21,12.02,11.82,11.61,11.39,11.14,10.88,10.59,10.31,10.02,9.73,9.45,9.19,8.93,8.7,8.47,8.24,8.02,7.82,7.63,7.42,7.22,7.01
164,Suriname,SUR,0,0,0,0,0,0,0,0,0,0,0,0,0,0,0,0,0,0,0,0,0,0,0,5.7,5.55,5.41,5.27,5.14,5.02,4.89,4.76,4.63,4.49,4.35,4.22,4.09,3.96,3.83,3.7,3.57,3.44,3.33,3.21,3.11,3.01,2.92,2.83,2.74,2.64,2.56,2.49,2.41,2.34,2.26,2.19,2.13
165,Swaziland,SWZ,21.17,20.9,20.58,20.24,19.88,19.5,19.12,18.73,18.35,17.97,17.58,17.13,16.61,16,15.36,14.68,14.07,13.46,12.91,12.4,11.87,11.31,10.72,10.11,9.51,8.95,8.44,8.03,7.72,7.52,7.47,7.58,7.88,8.37,8.99,9.69,10.43,11.13,11.77,12.33,12.83,13.16,13.31,13.37,13.27,13.02,12.27,11.72,11.38,10.42,8.84,7.91,7.26,6.76,6.26,6.07
166,Sweden,SWE,1.96,1.92,1.86,1.79,1.71,1.63,1.55,1.49,1.44,1.39,1.34,1.29,1.23,1.16,1.09,1.03,0.98,0.94,0.9,0.87,0.85,0.82,0.8,0.78,0.77,0.76,0.75,0.74,0.73,0.72,0.69,0.66,0.61,0.57,0.52,0.48,0.45,0.43,0.42,0.41,0.41,0.41,0.4,0.39,0.37,0.36,0.34,0.33,0.32,0.31,0.31,0.3,0.3,0.3,0.3,0.3
167,Switzerland,CHE,2.65,2.6,2.54,2.46,2.36,2.26,2.16,2.07,1.99,1.92,1.84,1.76,1.67,1.58,1.48,1.38,1.29,1.21,1.14,1.08,1.04,1,0.97,0.94,0.92,0.9,0.89,0.88,0.86,0.84,0.82,0.79,0.75,0.71,0.67,0.64,0.61,0.6,0.58,0.57,0.56,0.56,0.55,0.53,0.52,0.51,0.5,0.48,0.47,0.46,0.45,0.44,0.43,0.42,0.4,0.39
168,Syria,SYR,17.99,17.04,16.16,15.33,14.56,13.82,13.12,12.44,11.77,11.13,10.52,9.96,9.41,8.91,8.43,7.98,7.56,7.16,6.78,6.42,6.08,5.77,5.47,5.2,4.94,4.7,4.48,4.27,4.07,3.89,3.72,3.55,3.39,3.24,3.09,2.95,2.81,2.68,2.56,2.44,2.34,2.23,2.14,2.05,1.96,1.88,1.8,1.73,1.65,1.59,1.53,1.5,1.6,1.53,1.43,1.29
169,Tajikistan,TJK,0,0,0,0,0,0,0,0,0,0,0,0,15.28,14.82,14.34,13.94,13.6,13.35,13.18,13.08,13.05,13.04,12.99,12.85,12.61,12.26,11.83,11.36,10.99,10.81,10.84,11.12,11.57,11.99,12.14,11.98,11.62,11.13,10.56,9.94,9.3,8.66,8.04,7.46,6.95,6.52,6.15,5.86,5.62,5.43,5.26,5.09,4.93,4.78,4.63,4.48
170,Tanzania,TZA,24.41,24.2,24,23.78,23.52,23.24,22.91,22.59,22.23,21.89,21.55,21.23,20.89,20.55,20.19,19.83,19.45,19.05,18.67,18.34,18.11,17.97,17.87,17.83,17.75,17.63,17.45,17.21,16.94,16.71,16.52,16.39,16.26,16.15,15.99,15.76,15.43,14.99,14.45,13.79,13.06,12.26,11.47,10.69,9.94,9.24,8.58,7.95,7.37,6.86,6.34,5.89,5.57,5.33,5.05,4.87
171,Thailand,THA,14.79,14.27,13.77,13.28,12.8,12.33,11.86,11.39,10.92,10.45,9.97,9.49,9.02,8.57,8.14,7.74,7.37,7.01,6.68,6.38,6.09,5.82,5.56,5.31,5.07,4.83,4.6,4.37,4.15,3.92,3.7,3.5,3.31,3.13,2.97,2.83,2.7,2.58,2.46,2.35,2.25,2.15,2.05,1.96,1.87,1.78,1.7,1.63,1.56,1.5,1.45,1.4,1.35,1.31,1.26,1.23
172,Timor,TLS,0,0,0,0,0,0,0,0,0,0,0,0,0,0,0,0,0,0,0,0,0,0,0,0,0,0,21,20.1,19.21,18.38,17.57,16.82,16.1,15.39,14.7,14.04,13.4,12.78,12.19,11.6,11.02,10.46,9.91,9.37,8.84,8.33,7.85,7.41,7.02,6.67,6.38,6.11,5.87,5.65,5.45,5.26
173,Togo,TGO,27.42,26.92,26.43,25.94,25.46,24.98,24.49,23.99,23.49,22.98,22.47,21.98,21.47,20.97,20.49,20.02,19.54,19.07,18.63,18.18,17.75,17.34,16.95,16.57,16.23,15.9,15.61,15.33,15.08,14.85,14.62,14.41,14.21,14,13.77,13.54,13.27,12.99,12.7,12.39,12.08,11.76,11.44,11.12,10.81,10.51,10.21,9.92,9.64,9.36,9.09,8.83,8.58,8.33,8.08,7.84
174,Tonga,TON,0,0,0,8.19,7.65,7.15,6.67,6.22,5.78,5.38,5.02,4.69,4.4,4.15,3.93,3.72,3.53,3.36,3.21,3.07,2.94,2.83,2.74,2.66,2.6,2.54,2.48,2.41,2.34,2.27,2.19,2.11,2.04,1.98,1.93,1.89,1.86,1.84,1.81,1.79,1.76,1.73,1.7,1.68,1.67,1.67,1.67,1.68,1.7,1.72,1.74,1.75,1.75,1.73,1.71,1.67
175,Trinidad and Tobago,TTO,6.85,6.6,6.37,6.16,5.97,5.8,5.66,5.52,5.39,5.28,5.16,5.06,4.95,4.83,4.72,4.6,4.47,4.34,4.2,4.07,3.95,3.83,3.7,3.59,3.49,3.4,3.31,3.23,3.16,3.1,3.05,3,2.97,2.94,2.92,2.9,2.89,2.88,2.88,2.87,2.87,2.86,2.83,2.8,2.75,2.69,2.63,2.56,2.49,2.43,2.36,2.29,2.22,2.15,2.09,2.04
176,Tunisia,TUN,0,0,26.78,25.63,24.47,23.35,22.23,21.12,20.06,19.03,18.06,17.11,16.21,15.3,14.41,13.51,12.63,11.77,10.96,10.23,9.57,8.99,8.46,8,7.56,7.15,6.79,6.47,6.19,5.93,5.7,5.48,5.25,5.01,4.75,4.49,4.21,3.93,3.65,3.4,3.17,2.96,2.78,2.6,2.45,2.3,2.17,2.05,1.94,1.83,1.74,1.65,1.58,1.52,1.46,1.4
177,Turkey,TUR,24.9,24.23,23.55,22.87,22.19,21.54,20.93,20.34,19.78,19.23,18.69,18.15,17.59,17.03,16.45,15.86,15.27,14.67,14.07,13.47,12.87,12.27,11.67,11.07,10.49,9.93,9.39,8.87,8.37,7.9,7.45,7.03,6.63,6.24,5.88,5.52,5.18,4.86,4.54,4.24,3.96,3.69,3.44,3.2,2.97,2.77,2.57,2.39,2.22,2.06,1.91,1.78,1.65,1.54,1.43,1.35
178,Turkmenistan,TKM,0,0,0,0,0,0,0,0,0,0,0,0,0,0,0,0,0,13.88,13.39,12.94,12.48,12.04,11.6,11.17,10.76,10.36,10,9.67,9.4,9.19,9.05,8.97,8.96,8.97,8.96,8.94,8.87,8.75,8.58,8.38,8.16,7.92,7.69,7.47,7.24,7.01,6.8,6.6,6.39,6.19,6.01,5.82,5.65,5.47,5.31,5.14
179,Tuvalu,TUV,0,0,0,0,0,0,0,0,0,0,0,0,0,0,0,8.39,8.03,7.69,7.36,7.07,6.81,6.59,6.39,6.23,6.1,6,5.93,5.88,5.83,5.78,5.72,5.64,5.54,5.43,5.29,5.14,4.97,4.78,4.6,4.42,4.26,4.11,3.98,3.87,3.76,3.66,3.56,3.46,3.36,3.26,3.17,3.07,2.98,2.89,2.8,2.71
180,Uganda,UGA,22.38,21.91,21.49,21.08,20.7,20.32,19.98,19.65,19.34,19.1,18.95,18.91,18.99,19.19,19.49,19.87,20.32,20.77,21.18,21.46,21.56,21.44,21.04,20.5,19.98,19.58,19.32,19.18,19.09,18.95,18.71,18.37,17.96,17.56,17.22,16.95,16.69,16.39,15.99,15.48,14.84,14.1,13.28,12.42,11.56,10.74,9.97,9.25,8.59,8.01,7.52,6.98,6.41,6.03,5.69,5.46
181,Ukraine,UKR,0,0,0,0,0,0,0,0,0,0,0,3.38,3.26,3.16,3.07,3,2.94,2.9,2.85,2.8,2.74,2.66,2.57,2.47,2.38,2.27,2.18,2.1,2.03,1.98,1.95,1.95,1.97,1.99,2.02,2.05,2.05,2.03,1.99,1.92,1.85,1.76,1.67,1.59,1.51,1.45,1.4,1.34,1.29,1.23,1.18,1.12,1.06,1,0.95,0.9
182,United Arab Emirates,ARE,20.46,19.38,18.33,17.27,16.22,15.13,14.04,12.94,11.86,10.82,9.84,8.91,8.06,7.28,6.58,5.94,5.35,4.82,4.34,3.9,3.52,3.19,2.9,2.65,2.44,2.27,2.11,1.97,1.85,1.74,1.65,1.56,1.48,1.42,1.36,1.3,1.26,1.22,1.18,1.15,1.11,1.09,1.06,1.03,1.01,0.98,0.96,0.94,0.91,0.88,0.85,0.82,0.78,0.74,0.71,0.68
183,United Kingdom,GBR,2.66,2.61,2.56,2.49,2.42,2.34,2.28,2.22,2.18,2.14,2.1,2.06,2.01,1.94,1.87,1.8,1.72,1.65,1.57,1.49,1.41,1.34,1.27,1.22,1.17,1.14,1.11,1.08,1.04,0.99,0.93,0.87,0.82,0.78,0.74,0.72,0.7,0.69,0.68,0.67,0.66,0.64,0.63,0.63,0.61,0.6,0.59,0.58,0.56,0.54,0.52,0.5,0.48,0.46,0.44,0.42
184,United States,USA,3.01,2.95,2.89,2.83,2.77,2.71,2.64,2.57,2.49,2.41,2.33,2.24,2.15,2.06,1.97,1.88,1.79,1.71,1.63,1.56,1.5,1.44,1.39,1.34,1.3,1.27,1.24,1.22,1.19,1.16,1.12,1.09,1.05,1.01,0.98,0.95,0.92,0.89,0.87,0.86,0.84,0.83,0.82,0.81,0.81,0.8,0.79,0.78,0.77,0.75,0.74,0.72,0.71,0.69,0.67,0.65
185,Uruguay,URY,6.4,6.26,6.1,5.96,5.86,5.8,5.76,5.71,5.63,5.54,5.43,5.35,5.35,5.43,5.52,5.54,5.45,5.22,4.86,4.44,4,3.61,3.32,3.12,2.98,2.86,2.75,2.63,2.51,2.4,2.31,2.23,2.18,2.15,2.11,2.06,2,1.92,1.83,1.75,1.68,1.62,1.58,1.53,1.48,1.43,1.38,1.33,1.3,1.27,1.23,1.2,1.16,1.11,1.06,1.01
186,Uzbekistan,UZB,0,0,0,0,0,0,0,0,0,0,0,0,0,0,0,0,0,0,0,12.67,11.82,11.02,10.29,9.64,9.05,8.53,8.08,7.73,7.45,7.25,7.15,7.11,7.1,7.06,7.02,6.95,6.87,6.77,6.65,6.5,6.32,6.14,5.96,5.78,5.6,5.42,5.25,5.08,4.92,4.76,4.61,4.46,4.32,4.18,4.04,3.91
187,Vanuatu,VUT,15.52,15.1,14.7,14.24,13.77,13.29,12.81,12.3,11.81,11.32,10.86,10.42,9.99,9.59,9.21,8.85,8.48,8.11,7.71,7.3,6.87,6.43,5.99,5.56,5.15,4.78,4.46,4.17,3.93,3.73,3.56,3.41,3.29,3.19,3.1,3.04,2.99,3.41,2.91,2.88,2.85,2.82,2.79,2.79,2.79,2.79,2.8,2.82,2.82,2.84,2.85,2.86,2.86,2.84,2.81,2.75
188,Venezuela,VEN,8.11,7.83,7.59,7.38,7.2,7.04,6.89,6.75,6.6,6.43,6.26,6.06,5.88,5.68,5.5,5.32,5.14,4.96,4.77,4.58,4.39,4.21,4.03,3.88,3.74,3.61,3.48,3.35,3.21,3.08,2.96,2.86,2.78,2.73,2.68,2.63,2.55,2.45,2.35,2.77,2.17,2.1,2.04,1.98,1.92,1.85,1.79,1.74,1.71,1.68,1.66,1.64,1.61,1.57,1.53,1.49
189,Vietnam,VNM,0,0,0,0,9.5,9.33,9.18,9.03,8.88,8.73,8.57,8.42,8.26,8.1,7.93,7.76,7.59,7.41,7.23,7.05,6.87,6.69,6.53,6.36,6.2,6.03,5.85,5.67,5.48,5.28,5.08,4.88,4.68,4.48,4.3,4.12,3.95,3.8,3.65,3.51,3.38,3.25,3.14,3.04,2.94,2.85,2.77,2.69,2.62,2.55,2.48,2.42,2.35,2.29,2.23,2.17
190,World,OWID,18.27,18.04,17.71,17.41,17.52,17.28,17.12,16.89,16.37,14.98,14.49,14.14,13.83,13.51,13.2,12.94,12.66,12.39,12.14,11.9,11.64,11.33,11.03,10.73,10.41,10.12,9.86,9.62,9.4,9.21,9.06,8.92,8.82,8.73,8.65,8.53,8.4,8.25,8.06,7.83,7.59,7.34,7.07,6.79,6.55,6.26,6.01,5.78,5.58,5.35,5.17,4.94,4.74,4.56,4.39,4.25
191,Yemen,YEM,0,0,0,40.61,39.77,38.82,37.79,36.65,35.46,34.18,32.93,31.7,30.52,29.42,28.3,27.16,25.95,24.69,23.4,22.12,20.84,19.6,18.41,17.3,16.31,15.44,14.7,14.07,13.52,13.04,12.63,12.28,11.96,11.68,11.44,11.22,10.98,10.72,10.38,9.99,9.54,9.07,8.59,8.13,7.68,7.26,6.85,6.47,6.1,5.76,5.42,5.11,4.84,4.6,4.38,4.19
192,Zambia,ZMB,20.73,20.3,19.9,19.54,19.23,19.03,18.9,18.82,18.71,18.5,18.16,17.67,17.11,16.54,16.07,15.72,15.54,15.5,15.54,15.6,15.68,15.85,16.09,16.45,16.92,17.47,18.01,18.47,18.8,19,19.06,19.03,18.94,18.75,18.45,18.11,17.81,17.57,17.29,16.91,16.31,15.42,14.29,13.12,12.06,11.17,10.45,9.8,9.31,8.74,8.21,7.86,7.44,7.02,6.66,6.4
193,Zimbabwe,ZWE,15.07,14.61,14.16,13.72,13.28,12.86,12.47,12.11,11.81,11.58,11.4,11.26,11.17,11.11,11.07,11.04,11,10.94,10.84,10.64,10.34,9.94,9.47,8.98,8.49,8.06,7.71,7.46,7.35,7.39,7.58,7.88,8.27,8.7,9.12,9.55,9.92,10.2,10.39,10.52,10.58,10.56,10.51,10.4,10.3,10.19,10,9.8,9.54,9.29,8.95,8.56,7.85,7.45,7.23,7.07
