,Country,ID,1990,1991,1992,1993,1994,1995,1996,1997,1998,1999,2000,2001,2002,2003,2004,2005,2006,2007,2008,2009,2010,2011,2012,2013,2014,2015,2016
0,Afghanistan,AFG,0.227593197964,0.229174361517,0.22904921101000006,0.229639994243,0.230706748356,0.232294073662,0.23301280846,0.234199537642,0.23480039926100002,0.23494627237700005,0.23540027767900001,0.235297228066,0.23434552215799997,0.233248448329,0.233319479899,0.23320807036200006,0.23256850779,0.231285657135,0.23134151447,0.23110462823300001,0.229785241531,0.227440218278,0.22637584954,0.225177215323,0.223830456362,0.223960714715,0.22280466881
1,Albania,ALB,0.245982851986,0.24588950484,0.244706431507,0.244859257891,0.24587323868900002,0.249017572982,0.25219900046,0.25710007504500004,0.263438015537,0.271122185332,0.280835698431,0.287134259966,0.296805476232,0.304996356641,0.313486648478,0.324357829324,0.32775281330600003,0.328757780126,0.333027768742,0.337492327517,0.339775835658,0.339485533521,0.341213356355,0.342674803922,0.34322374998899996,0.34489379495100003,0.347374785941
2,Algeria,DZA,0.131851580088,0.134684101409,0.13391230299499998,0.136105585533,0.138280259558,0.143738440581,0.138973354581,0.134202505574,0.13071679445599999,0.128748734261,0.12723420041699998,0.127780101792,0.130175905869,0.133278925617,0.138049460384,0.144003025887,0.146982676084,0.150283390564,0.15406545591999998,0.15742063648399998,0.16255137380999998,0.16783457335700003,0.171626439921,0.17877970967700002,0.18388014571800002,0.18930399874200002,0.19623158279300001
3,American Samoa,ASM,0.364342375102,0.37358540283200004,0.384131181236,0.393357744869,0.405594293507,0.41868401761699997,0.426898481235,0.43705970206999994,0.445204836338,0.447367110384,0.459117666097,0.472485633037,0.486240818738,0.498531699286,0.517102940385,0.531665694716,0.5457195130020001,0.558826349082,0.570636069788,0.5856555260440001,0.598416565147,0.618538699116,0.632156230109,0.646082510233,0.65855020103,0.671724224734,0.6824591330679999
4,Andorra,AND,1.09649478709,1.10903440582,1.12031899611,1.12597489718,1.13384155339,1.14323979716,1.1500348594299998,1.16135560748,1.17516355652,1.19091350014,1.20324016328,1.21289559087,1.22316042053,1.2355433004999998,1.25178543129,1.26368441095,1.27455202927,1.28334671463,1.29934483888,1.31218468907,1.32538697055,1.34018970943,1.35628937847,1.37460462305,1.3892437189200002,1.40588886933,1.4221425000799999
5,Angola,AGO,0.25771104039000003,0.257061602405,0.256204732554,0.256620556062,0.259956639689,0.26075382820500004,0.260928852324,0.259106972238,0.25740720357200003,0.25512426294,0.254348753948,0.250876616675,0.249184781586,0.247053892266,0.246195288529,0.24377063837,0.242486236041,0.24117569373300002,0.239727950247,0.23801720295899997,0.236851956582,0.235917042738,0.23694425970600005,0.236746233218,0.23659926085100005,0.236146915563,0.23703806965200006
6,Antigua and Barbuda,ATG,0.6128582152659999,0.6246576335230001,0.639514846938,0.6515990493680001,0.66951651396,0.6844713291269999,0.694752422316,0.704473774523,0.713806330907,0.7251006566439999,0.7364668332850001,0.735699179816,0.7406271242620001,0.743787397613,0.749166355246,0.754596692383,0.770244203092,0.78390476677,0.7997585405469999,0.8117397363929999,0.8291965644300001,0.8452353529600001,0.861376774096,0.875443394799,0.8921858762970001,0.909044836434,0.92433159802
7,Argentina,ARG,0.548588906953,0.557954333035,0.568636652177,0.576760400279,0.5880007162390001,0.600550256457,0.605869438758,0.6083155905640001,0.6128736307379999,0.619188770511,0.625565175853,0.6277855301009999,0.629841240115,0.633495767998,0.638048574824,0.64071562069,0.6460947483730001,0.652409130958,0.655587621498,0.661957423692,0.667604813305,0.677601165704,0.686244796,0.698865422492,0.7069363921080001,0.717918056197,0.7263877590660001
8,Armenia,ARM,0.41245124345,0.418653473502,0.430493005118,0.438126182921,0.438870374696,0.445303758882,0.4514503695709999,0.453148979744,0.45835096408,0.460122579353,0.461520757373,0.471705031262,0.4767502351290001,0.489284574758,0.504827760896,0.521971202763,0.538674536299,0.549652450715,0.571539786025,0.583598244608,0.5989393025499999,0.595037867759,0.591616228524,0.5814687019120001,0.5746546953130001,0.579423622199,0.57507776379
9,Australia,AUS,1.3827196089700002,1.4167246760799999,1.45798864551,1.50067041143,1.55611826502,1.6201158378499998,1.65822641799,1.6952408313399998,1.73036218597,1.7701659138499999,1.80825325294,1.8208515036000001,1.83580451445,1.84500885879,1.85838828188,1.8719744275999999,1.86378829369,1.8610355677500001,1.88339655993,1.90708445765,1.92955690105,1.92910027288,1.9369582373900003,1.95887344157,1.98004159824,2.00027145324,2.01076796108
10,Austria,AUT,1.1327150758,1.14182445015,1.1527011768200002,1.16716657573,1.1797409987899998,1.18955266466,1.18857050695,1.1929074804100002,1.1956253095799998,1.1988566092100001,1.20297904214,1.1959379080399999,1.18859317958,1.1787860675,1.17313214106,1.16921216577,1.16317567804,1.15811487764,1.15576444689,1.158800131,1.1582442070399999,1.16914473817,1.17942671565,1.1856470286399998,1.19784532719,1.2078863133600002,1.21846545541
11,Azerbaijan,AZE,0.319099233132,0.326357288945,0.341959673217,0.347608445549,0.356926715976,0.35762610119099997,0.34730766959,0.34033637637900005,0.33570802917,0.329411713589,0.326532245974,0.325860171094,0.329927894163,0.335473477865,0.337422093944,0.34499436805,0.353056073244,0.363354898679,0.377756457648,0.388730724987,0.40176883381800005,0.401406336387,0.406757474795,0.405603407179,0.410109591551,0.41340018055,0.417594824588
12,Bahamas,BHS,0.881979489913,0.8827060134270001,0.8846133488519999,0.8877770360580001,0.8951533288119999,0.9130174724250001,0.923228144016,0.964328421857,0.990417332698,1.01088811121,1.04010622065,1.04563722097,1.05659599328,1.05397755471,1.05064771331,1.0465379915100002,1.04242874306,1.05458416952,1.06179368421,1.0710810214700002,1.08130306208,1.0941483945,1.11866386639,1.13495862448,1.14136406124,1.15183780158,1.16454994004
13,Bahrain,BHR,0.31270505161999995,0.31788477899900003,0.320242863051,0.324304486403,0.32863020312900004,0.33578159493799997,0.33661368194799995,0.339109662188,0.341549115927,0.34045875844100004,0.342814668114,0.34935158109700004,0.352613899873,0.35364978779899997,0.35352756732600005,0.35501028511300003,0.350179571315,0.34609064749799995,0.34131465765600005,0.33963661538500006,0.33703014489699995,0.337358423669,0.338572227461,0.343442572451,0.348181233623,0.354287098434,0.36070444601199997
14,Bangladesh,BGD,0.192657549437,0.18544565712699998,0.18575255534600002,0.183408458684,0.180378725215,0.178861009214,0.175748477081,0.171025183574,0.167125573425,0.16340823659300002,0.164185308283,0.16151499761399998,0.160229923771,0.158964270987,0.159553138033,0.159750992851,0.163092142608,0.16698661007899998,0.17063469207499998,0.174166039001,0.17757652204799998,0.180144097173,0.186261972683,0.190835004465,0.19670902960499997,0.20126835793,0.204619883174
15,Barbados,BRB,0.895093562373,0.920475713307,0.9455834590600001,0.966602765073,0.992140958135,1.01733240549,1.02796478463,1.03864493515,1.05112869292,1.0635202352200002,1.08119346105,1.08809379677,1.0817391979800002,1.0907792878,1.0962583854299999,1.1013272611700002,1.1141489574299999,1.13115599348,1.1444702810899998,1.16733087327,1.18072708935,1.19105988792,1.20257690886,1.2168637368200002,1.2285963362999999,1.24411505847,1.25820318839
16,Belarus,BLR,0.5518596473390001,0.5706000401269999,0.5928644580419999,0.616435174701,0.631424537898,0.646990375527,0.633722628884,0.6266026702449999,0.6165484577570001,0.6140639477550001,0.604599121878,0.6091214544479999,0.6146347689330001,0.616768451759,0.6266656264689999,0.6380212331289999,0.644907306079,0.6502658065860001,0.6629932433269999,0.6810202810189999,0.68809108996,0.6910512457920001,0.6839381985790001,0.682958392037,0.682370229714,0.6831757813600001,0.6900987746980001
17,Belgium,BEL,1.24110303945,1.2545358401,1.28174749347,1.3058259971600001,1.3234895840599998,1.32962580942,1.31776810879,1.3098850796,1.31957081979,1.31776936011,1.31912930263,1.3434142198,1.35419224211,1.34819670947,1.35026543997,1.3520686238600002,1.34955850287,1.3491867467999998,1.35322193949,1.3565872903,1.36338513747,1.37511445269,1.38314987996,1.3951633962099999,1.3936700638400001,1.3964585749599998,1.40558135899
18,Belize,BLZ,0.246410672251,0.25379113990400004,0.26566153080800003,0.272540749624,0.29433904538300004,0.313472441634,0.333834001979,0.362369907557,0.38422919285,0.396768865921,0.401250518112,0.41280062912,0.4177195702750001,0.421473219631,0.426683945418,0.425326421562,0.420709922361,0.41826093155599997,0.4184995999840001,0.414884733183,0.417475380642,0.4179893102960001,0.421631586825,0.427262434195,0.435245772324,0.438427190559,0.44221363951700005
19,Benin,BEN,0.151282606541,0.15048335934999998,0.150331246471,0.149758418719,0.15041728791200001,0.151455978366,0.152630560193,0.151849979221,0.153362861008,0.15357315699100002,0.156180346729,0.156905723547,0.157882351943,0.159227440824,0.16086867411800002,0.162915977223,0.16494585273,0.166441032107,0.169098026386,0.170934976855,0.174178331951,0.17519829152900002,0.17642369929399998,0.177268659768,0.177378410213,0.177885388891,0.177887010892
20,Bermuda,BMU,1.36044010787,1.36906307849,1.39426212472,1.4110116415,1.43612784191,1.4303978480000001,1.45810818227,1.46617045877,1.4731367190600002,1.4594340127499998,1.4704079097,1.44146267659,1.40624544168,1.3916809711200002,1.3740786127200002,1.34428647597,1.34097528245,1.33390342328,1.32530755871,1.3281227722,1.31878274036,1.30823069203,1.30388555326,1.2919631260200002,1.28897364014,1.2644984354000002,1.26779266248
21,Bhutan,BTN,0.167633130779,0.16651069301399998,0.16534709561,0.1630945155,0.16023104589999998,0.158308376385,0.153455939199,0.150278538212,0.147353583413,0.14394489835399998,0.141308923593,0.139244438372,0.13631729589799998,0.136165478659,0.13449125091400002,0.13517686730599998,0.13501859860100002,0.13452863181299998,0.135797615998,0.13752002499299998,0.139076572712,0.141801207477,0.14369138588900002,0.147040024765,0.149662330903,0.152421043146,0.155341186567
22,Bolivia,BOL,0.4048110481260001,0.402706508464,0.402437488654,0.39954665144900003,0.396968524511,0.3948431754040001,0.38788048302,0.384959603185,0.379829089327,0.37490768918799994,0.36966617997900003,0.36582173685099995,0.367126927948,0.36489738149400003,0.36541372025300006,0.36884022163099994,0.370371271179,0.372287285908,0.375924862442,0.380081613745,0.383149535561,0.386253183228,0.39020200876999994,0.394734039791,0.40025612291100005,0.403840828523,0.408866321423
23,Bosnia and Herzegovina,BIH,0.32581932522,0.326307980206,0.325107532925,0.324216878408,0.32494072245,0.325316112009,0.33182123285,0.33801657141999997,0.35120864470900004,0.357197201571,0.369324521941,0.37791920630900006,0.391436680581,0.403935604194,0.41835094959700003,0.4390034316150001,0.447884436105,0.454518886034,0.461889651439,0.469859006969,0.477579522884,0.481890870431,0.485743197311,0.490037950067,0.494845270539,0.497050772218,0.501760525347
24,Botswana,BWA,0.287519946271,0.288598695032,0.291483716266,0.292716990581,0.296280191409,0.303737469661,0.31255789286400004,0.322301000911,0.336807694198,0.350723456097,0.367567304172,0.37470954945100005,0.38053621936399995,0.384789090299,0.384701682161,0.382278424381,0.379149149547,0.377517866298,0.375121929868,0.373688732654,0.375754345144,0.38162823717200006,0.39101073493,0.39763076227099997,0.407867084496,0.418959541075,0.432869778566
25,Brazil,BRA,0.353516457687,0.361300912637,0.36959049970799995,0.377122536064,0.385753985927,0.394675339881,0.402685955497,0.411414244553,0.420807041174,0.431252433956,0.442417292647,0.4467648794,0.451179914237,0.456655518029,0.46176994451700004,0.467141503801,0.470389759243,0.47370272915399997,0.4782938291,0.482169479207,0.48676761902800003,0.491606143594,0.497216112803,0.502892234891,0.509677535737,0.517673743411,0.524911411885
26,Brunei,BRN,0.5848228668159999,0.594859475764,0.6025125723170001,0.6073708647230001,0.614772230768,0.621026512382,0.630810244813,0.6406738716170001,0.650715345127,0.665827607206,0.687005275973,0.706185621149,0.7280315239690001,0.754415979833,0.7867535472599999,0.822025999806,0.855768525253,0.889035825745,0.919869246265,0.950285447234,0.97610496225,0.998389380774,1.0229516279300002,1.04181836614,1.06249461198,1.08485027704,1.10790310612
27,Bulgaria,BGR,0.528936148672,0.540761517296,0.557959844823,0.5627312006180001,0.574189324458,0.581491647276,0.583552781744,0.5919032734440001,0.5905023973560001,0.592883183411,0.596238200875,0.608909188587,0.626063029383,0.6463963086460001,0.671484828738,0.700796207056,0.726425240711,0.7461505693070001,0.7615857133,0.7758665365780001,0.7963808938779999,0.8048341985080001,0.8127019560950001,0.821155386232,0.8258098448729999,0.8326749524270001,0.8416419688829999
28,Burkina Faso,BFA,0.162882448284,0.162285556315,0.162497778618,0.16277749786700002,0.162790883789,0.162482124053,0.161198568062,0.161573936215,0.162161971429,0.162704267127,0.16377123139799998,0.16353350896000002,0.16465473274700002,0.165240997033,0.1660135287,0.16679799764699998,0.16798505026500002,0.16941890038199997,0.169696271118,0.17046571399500002,0.17202136633499998,0.173330301637,0.17439007675299997,0.17452926978,0.17607623634300001,0.17640453117199997,0.177578719351
29,Burundi,BDI,0.351680719697,0.35165427214100003,0.35208430448,0.34923584842,0.35276417880800004,0.35327022992,0.34984541049999995,0.342695736295,0.33654778526699997,0.33029053712699996,0.324812915838,0.31122078658700003,0.30354476403700004,0.295346014264,0.288626994433,0.28395642203000004,0.27861767301999996,0.27372807683899997,0.269494795087,0.267593617412,0.267023654422,0.266807831712,0.268400594178,0.269679180741,0.270085811342,0.27171529332800004,0.274235544234
30,Cambodia,KHM,0.25875795488200004,0.258181987236,0.25962205383500003,0.261425108233,0.263489391896,0.2660970857,0.267296979331,0.268505154418,0.27021529905200004,0.269380802457,0.27002385693500003,0.26773699552700003,0.264963253361,0.263723620407,0.26140734640999996,0.260238677149,0.25908762934,0.257738482737,0.256006138351,0.25662865910800003,0.256048975135,0.256508112098,0.25583393479600003,0.25597803877,0.25660300657400004,0.258241265727,0.25819930164
31,Cameroon,CMR,0.17713328706099998,0.176534847473,0.178180927167,0.179231131331,0.180762886298,0.18225579854899998,0.184806070616,0.188941490966,0.191692114652,0.195584264842,0.199564403681,0.200862521107,0.202055159875,0.204206668423,0.207115532508,0.209566029334,0.209983249092,0.210761590352,0.21045717931,0.209837287817,0.211967550995,0.213046396445,0.214361748816,0.214626820771,0.21585034757,0.21752443641600003,0.21937561007599998
32,Canada,CAN,1.1109628081599998,1.1264184809,1.1457674331899999,1.1643234514299998,1.18269771205,1.2077580294499999,1.22612114025,1.24025841851,1.25631532155,1.27807748835,1.29644810685,1.29554883445,1.3011879006799998,1.30282007093,1.31114478177,1.31456553639,1.2997315049200002,1.28047457137,1.27193191697,1.26691681751,1.26396496119,1.27462033059,1.28557879879,1.29855226276,1.3073459570100001,1.32166146833,1.33419080532
33,Cape Verde,CPV,0.25255928818900003,0.25375684708,0.25491505197299996,0.256512088049,0.25567852868700003,0.257001932491,0.257239655161,0.26104982590500003,0.267363807462,0.274053667587,0.283657076089,0.284725614113,0.285751286554,0.28751810445099996,0.289489614645,0.291731196633,0.294296021311,0.297610983675,0.301538265793,0.305381084757,0.30905572074800003,0.310505113623,0.314813092404,0.317944591448,0.320752718421,0.325327844044,0.327685986228
34,Central African Republic,CAF,0.272559240067,0.271341663937,0.270522072033,0.27652352836,0.27708537244000003,0.278860833248,0.280247978673,0.280189776863,0.280977132109,0.28127112352899997,0.281123724839,0.280828741368,0.280622510518,0.28027797140300004,0.279346849706,0.280589154969,0.28041484693900004,0.27847090144299996,0.278036776988,0.277102603009,0.277810361346,0.276285489166,0.275439378133,0.27550355641900004,0.274857811224,0.275103521608,0.275350355177
35,Chad,TCD,0.156746349697,0.155653531256,0.155271943791,0.15486781920200002,0.155155857464,0.155834239628,0.156652673411,0.157584541842,0.15925092901399998,0.160897299003,0.162876024122,0.163938413286,0.165566371874,0.167024730191,0.16799098939800003,0.16866586218600002,0.16907421182500001,0.170546522394,0.172913403518,0.17447383929699997,0.17565052749200002,0.175331163525,0.176144080171,0.17476690907200002,0.17515870949200002,0.17595118043400002,0.17619877071700002
36,Chile,CHL,0.477338087661,0.472137009854,0.469843358584,0.478745139306,0.486426901785,0.496883902415,0.4971577976,0.4958350155119999,0.4982387219360001,0.501918264729,0.509719672751,0.5135770756979999,0.518011739711,0.524203283825,0.530665661316,0.538471568891,0.5431420179640001,0.5476139619679999,0.5520438062499999,0.564427540309,0.575744244709,0.5831981487960001,0.593109195433,0.600423556826,0.6094651864689999,0.617693958664,0.629908392568
37,China,CHN,0.320933217834,0.32571932238400003,0.331874016575,0.337927667045,0.343945159341,0.35110082702100004,0.35707352116700003,0.365574119793,0.37399806958000004,0.382342597912,0.392781075034,0.402220570097,0.4120472104419999,0.417582724515,0.42583454525700004,0.435065503953,0.441029287267,0.44986282821,0.459768192821,0.472486699414,0.48667822828699997,0.498159397997,0.510440149482,0.525337399121,0.541429454707,0.55462149351,0.5691765459100001
38,Colombia,COL,0.386777849148,0.3953577877690001,0.40462509549500003,0.413047574503,0.421241738786,0.431227092449,0.43471176452200005,0.43801650061399994,0.442564090959,0.44905193368100005,0.45456649005099997,0.45239309273199996,0.450289629511,0.4434237749009999,0.441387371374,0.438612572387,0.438139021194,0.437955146563,0.440674351901,0.4439016871120001,0.447075766522,0.4495388415030001,0.456639511654,0.462751535178,0.470680164605,0.481064894262,0.490908014493
39,Comoros,COM,0.263954154724,0.26400578666499996,0.265199106296,0.265117082665,0.264959419863,0.26580307469000003,0.264528070565,0.26521534593199997,0.263610706014,0.262622040087,0.261242686308,0.26123623651199995,0.258781827002,0.257657539032,0.25636875968600004,0.255265116026,0.257052371935,0.257247493741,0.25988959844500004,0.262131285195,0.264379449111,0.267568906068,0.269473314062,0.274263818522,0.27681612184800003,0.279704624839,0.283130791835
40,Congo,COG,0.312932195178,0.309756001761,0.307367634694,0.31134644465600003,0.317678531546,0.324030507456,0.32692159381,0.322121183619,0.321851237374,0.31847679779,0.316579903481,0.30829769261900003,0.30108331191,0.298301559778,0.29738103057799997,0.296715221995,0.29521443122700003,0.295395281737,0.293904100074,0.291618627961,0.29251964100600003,0.292003915157,0.292315319143,0.291680296287,0.294016603803,0.29578124908500003,0.296838551373
41,Costa Rica,CRI,0.387055667474,0.392024868275,0.397965103772,0.406236980916,0.41045341388000006,0.41533661913099995,0.415556324044,0.414438481087,0.41357283990099997,0.41663843764200004,0.4187577494650001,0.41988664134900006,0.420013357949,0.42231928456999995,0.425301346508,0.4290773551230001,0.435358082852,0.44145687015100005,0.450621324606,0.462067403265,0.474437717136,0.48579941609399996,0.5018144915339999,0.516525002132,0.5322313331790001,0.548338564218,0.5616337015
42,Cote d'Ivoire,CIV,0.179661820691,0.181188180407,0.184643204023,0.187895030308,0.19040367804900002,0.193171451778,0.19424945792999998,0.195738976767,0.197390839652,0.200188406842,0.203174315564,0.204258590174,0.20437637154599997,0.204606623746,0.204392492876,0.206139020523,0.207031853229,0.207265008691,0.20779149280900003,0.207573102233,0.209224220117,0.210192404622,0.212528433446,0.213769622371,0.214983183634,0.215968464005,0.217878656479
43,Croatia,HRV,0.9430464954610001,0.938701420055,0.928311113908,0.913216453771,0.896352836766,0.878603733606,0.895890182617,0.9251399848530001,0.9551397890209999,0.968324648829,0.991203013871,0.9913664167749999,1.00530689309,1.01832747527,1.03438453409,1.0523395331999998,1.07204033952,1.09102914279,1.12198924605,1.13901469873,1.15604927122,1.17191800741,1.18378932231,1.19446874699,1.2008017727,1.19718949256,1.2029792132
44,Cuba,CUB,0.591353289148,0.602621960939,0.612377530681,0.612456290498,0.6190958988949999,0.622138795752,0.619353934089,0.610213653451,0.608210716848,0.608213291586,0.611395245241,0.621936589784,0.6356977136299999,0.6509176991819999,0.668577971061,0.685871982786,0.700333508721,0.7143928932320001,0.7203588132450001,0.732545310226,0.742089611814,0.7595441261339999,0.7771135017199999,0.7940242561290001,0.811706668504,0.8345174139559999,0.856107791918
45,Cyprus,CYP,0.5411173765680001,0.5527297927070001,0.567534434798,0.586706690822,0.612984857674,0.6386477152059999,0.658339834384,0.6845682337989999,0.7134031433510001,0.742890320467,0.7810200084600001,0.8144204765080001,0.853607851984,0.889896502828,0.934468435283,0.982014633103,1.00429558842,1.03023835334,1.05890770822,1.0837732814399998,1.10635548675,1.11495707222,1.1209033518,1.12670303087,1.1376289761,1.14250757795,1.1479572464399999
46,Czech Republic,CZE,0.968838767592,0.993474519227,1.01714494991,1.0469923481299999,1.06854971563,1.0817570680400002,1.0860118213299998,1.0900145025,1.0942351930699998,1.10159489172,1.1096442093799999,1.11684616357,1.13203071753,1.143840372,1.15602095413,1.16732489863,1.1744069046799999,1.1842758005299998,1.1889148843200001,1.19616826542,1.2017097159999999,1.193748946,1.1897432069299998,1.17653128343,1.1604427266,1.15103562267,1.15510847502
47,Democratic Republic of Congo,COD,0.21378412628,0.213679501091,0.212304083809,0.21149247913,0.211837748147,0.211026482221,0.215191139948,0.208512576833,0.205923691392,0.202577120431,0.20279176718199998,0.20158777783100001,0.200037720879,0.199562825748,0.19678364887100006,0.195075702945,0.19520294771,0.19665228549400002,0.19596180146,0.19444192782699998,0.19429814397,0.194022028076,0.19456278533500002,0.194184681829,0.194565784379,0.194162520511,0.194856705245
48,Denmark,DNK,1.0641502511399998,1.0728973414,1.09353363336,1.1130989383999998,1.14431907368,1.17535816587,1.19811389372,1.21968903171,1.2455792585299998,1.2685940731399998,1.29465183252,1.3189207279700002,1.34147849011,1.35642112886,1.3763392537399999,1.3930436643400002,1.40200316051,1.41161049757,1.42289788262,1.4316925833899998,1.45039193818,1.46362990456,1.4705733466600002,1.46397861894,1.45406169208,1.4434544743200002,1.43480591054
49,Djibouti,DJI,0.23010868618799998,0.229395178035,0.22993334485300002,0.232621362503,0.233442776447,0.235019537269,0.235497518297,0.236799004875,0.23768281460000001,0.23857067269,0.24036108577399998,0.24044127095800003,0.24286689513700002,0.24484271762899998,0.24651037953,0.2494917442,0.251614449104,0.253505016142,0.255631367388,0.25760278566800004,0.259198315342,0.260398097296,0.26192548706700003,0.264492124096,0.26691838042800003,0.26958696269300003,0.27257122656599997
50,Dominica,DMA,0.61052199442,0.634997251088,0.6561155671000001,0.6737430021340001,0.699030199048,0.716950426728,0.7341694399550001,0.7456032188839999,0.7569107087800001,0.7648610288940001,0.772550326768,0.775445256567,0.7882836495890001,0.803506606983,0.8186604157870001,0.823227786523,0.847269695433,0.8616724225810001,0.8770187177009999,0.8997093353679999,0.927769821553,0.953115738064,0.975232803751,0.9950281521259999,1.01365578834,1.0316744141399998,1.04843831334
51,Dominican Republic,DOM,0.267718050655,0.273751634282,0.279553149082,0.288409712611,0.297034037114,0.308669074039,0.313851643921,0.318006460028,0.324164158235,0.32722386962699995,0.329710637839,0.32878138060999995,0.327868290254,0.330659731487,0.332267581773,0.335261278443,0.339822679638,0.342482499392,0.346834668838,0.34979888298100004,0.355156733781,0.361821339616,0.36830943659000004,0.37843529107,0.38779744978200004,0.396676661516,0.40852819746
52,Ecuador,ECU,0.30927870648,0.307274648262,0.308699352199,0.31173603153,0.313652478723,0.315868824898,0.31329637481600003,0.317697379137,0.319309623723,0.320756583286,0.322039600449,0.32294284121800004,0.325753295292,0.327339838985,0.33109417334,0.333804179377,0.33813194708300004,0.342211897693,0.34598022778899995,0.350267374023,0.353748662816,0.356313375938,0.359223764806,0.361751213922,0.363337912263,0.36713460830899997,0.37028511631300004
53,Egypt,EGY,0.13248063228499998,0.134836673452,0.13561806078299998,0.13850017399800002,0.142152848769,0.144646635478,0.147648064331,0.15082889650800002,0.152687989686,0.157202973363,0.161328466217,0.16720189010199998,0.171794993061,0.177861339384,0.182122976305,0.18752516486600002,0.19184279750500002,0.196052334872,0.201071097915,0.205641224531,0.210217812606,0.212776984148,0.215617135436,0.216945376451,0.219043988265,0.221638733512,0.224881606461
54,El Salvador,SLV,0.21310156070099998,0.219774974322,0.227088823326,0.233201290002,0.24148091778499997,0.24656784511100002,0.25473264567500004,0.262316931049,0.26648826215599997,0.270355143379,0.275287076791,0.27665676272399997,0.281993547558,0.28626616009199995,0.289094377526,0.293979406063,0.29793657488499997,0.301472002511,0.305736181727,0.310080768115,0.313737290421,0.31814784697500004,0.322379643369,0.32940432753300003,0.335319505688,0.341709200276,0.347968863459
55,Equatorial Guinea,GNQ,0.278733457765,0.277097511897,0.275479381532,0.27577115522100004,0.276167033334,0.277799825771,0.277621851129,0.271190335734,0.269783918577,0.267510215273,0.26764979485999996,0.26915142390700003,0.26895747947500004,0.27340412882,0.27808283643599996,0.284499052545,0.29089836183400003,0.29635494954,0.303094809583,0.308183704411,0.31494351030900003,0.31858611634399997,0.323207446239,0.327370833404,0.331076387388,0.33646007773000003,0.34279222521400005
56,Eritrea,ERI,0.30282322951900004,0.29723499910100004,0.287162961204,0.280193400243,0.275294530786,0.271503506865,0.270164361394,0.267769664994,0.268556623247,0.265457758804,0.268895701361,0.270568576424,0.27308224846900003,0.27316738198,0.275515442448,0.27831137533100003,0.280295823367,0.280942383543,0.284239293833,0.28617711744200003,0.288344643123,0.290401641805,0.29183951289099996,0.294895224351,0.295781013445,0.29808340917,0.300425247282
57,Estonia,EST,0.6828255821720001,0.720270498655,0.7459825740930001,0.7933962344409999,0.8259032000059999,0.8371801219699999,0.817975934654,0.831377439812,0.854538922981,0.8484932970029999,0.863072921138,0.889057441077,0.8987269640109999,0.926379604449,0.957729293621,0.985288527816,0.989553213378,0.999221350424,0.9960582440729999,0.999661729131,0.9955213151719999,1.0268757147299998,1.0514443663600002,1.0637335585099998,1.07519405813,1.0805220824700001,1.0922474690100001
58,Ethiopia,ETH,0.345210737235,0.33882081410400006,0.33259453320800003,0.32709332794,0.32387111804200003,0.322806000777,0.314536047214,0.310500575423,0.30580910088799995,0.304342899433,0.304083985813,0.30036657454,0.296704679503,0.29363895584800004,0.289957185282,0.286402688656,0.282533012516,0.278176321077,0.274706075811,0.274455133104,0.27314282039500004,0.272689370711,0.273736831856,0.273280525151,0.273879827618,0.275274076578,0.276290651775
59,Fiji,FJI,0.37052627767800006,0.379313600775,0.38688665908500003,0.396514679506,0.405610518115,0.414468256603,0.42135330769699997,0.430426411755,0.436102394081,0.44380761553099995,0.447468843956,0.452250385236,0.457594193321,0.46788608983499996,0.476826182854,0.487636957928,0.501509453284,0.512380774013,0.5222229511990001,0.5357478707300001,0.5490793977339999,0.563959828949,0.5800099355439999,0.5965872002670001,0.616063278403,0.631314718058,0.650642700012
60,Finland,FIN,0.895435141887,0.903420812061,0.912650254433,0.922040289944,0.932216758715,0.957810050741,0.982665489788,1.01106588795,1.03816359622,1.06691009592,1.1010064636299999,1.11692234644,1.12918644506,1.14548237216,1.16236830354,1.18211247731,1.18529381246,1.19035582047,1.1969686322,1.2002456243100001,1.20932094249,1.21723787523,1.22284310124,1.22855359122,1.22619349783,1.21694548706,1.20890849316
61,France,FRA,0.9734634928270001,0.9942183452910001,1.02007884075,1.04186242181,1.0603127698600001,1.0827650587900002,1.09750323823,1.10467763603,1.1213357492899998,1.13190306741,1.1453376925499998,1.15765476867,1.17111014742,1.1761427966700002,1.18299508786,1.18745749546,1.18522053409,1.18350015376,1.18343341211,1.18269031349,1.1860142325,1.1866023670499999,1.18897703173,1.19311627357,1.1925818526499998,1.1896297919399998,1.1908544967299999
62,Gabon,GAB,0.285423244741,0.284921405158,0.28615958744500003,0.289384942691,0.294254499224,0.297922250663,0.30385285378000004,0.307118316003,0.308397377994,0.31930442211300003,0.32473812314,0.327015530014,0.32491041907400003,0.328676591075,0.331313491749,0.32907473262,0.327058320548,0.320613040239,0.321229805601,0.316987376042,0.312090825982,0.313449494858,0.313970024211,0.31304709266200004,0.313786817414,0.314960106324,0.317460833081
63,Gambia,GMB,0.12135851809800001,0.125309352169,0.129684373862,0.13122852783,0.134311866576,0.136817028387,0.13885797791100002,0.14318653547,0.143633828982,0.14435244986600002,0.144567092072,0.144009718415,0.14485262620300002,0.14246947993700002,0.141163450863,0.141084791591,0.142014006472,0.142427598953,0.142255731848,0.14241035687200002,0.142432546591,0.14083027832,0.142312864608,0.14241910649800002,0.142884693407,0.14252825214099998,0.142437523397
64,Georgia,GEO,0.431115907558,0.424320754435,0.413822955639,0.40010687151999996,0.38380256041999994,0.365169401513,0.35046390685400003,0.34261022396,0.334835035619,0.330861747809,0.326033834173,0.334725898963,0.34780321967300004,0.366575627218,0.386054400643,0.39686070706,0.40490591916,0.41262516295199997,0.4275628139350001,0.447386965643,0.4627227587680001,0.475740120246,0.49394454882399996,0.4974414257,0.508410114692,0.511659773918,0.516476626701
65,Germany,DEU,1.08331101528,1.10028397265,1.11837007024,1.12827883219,1.1428876565000001,1.1648804052500001,1.1723061346,1.18569621997,1.19637998658,1.20849424605,1.2205995405399999,1.22746610634,1.23384556248,1.24589357711,1.2563697548100001,1.26935365296,1.2773891231399999,1.28824267311,1.30440214937,1.31423809131,1.32797789564,1.3417951637299999,1.3545260127399998,1.3681079634399997,1.3713015841499998,1.37891429115,1.38783195879
66,Ghana,GHA,0.197283541223,0.199613599498,0.200824594984,0.200027187461,0.202407323746,0.205344553247,0.207211610883,0.21103731933000006,0.210945938801,0.212121146877,0.214766379729,0.209318137912,0.20294820514000003,0.19720904749,0.18972523832899998,0.186304439065,0.183678730961,0.18202744812,0.183374693712,0.184180613233,0.18453995339,0.185417976195,0.186623089399,0.187808516537,0.19024210663199997,0.193068648411,0.194121028898
67,Greece,GRC,0.60784948711,0.620730523794,0.636677756726,0.648033626449,0.6618450587739999,0.6783549117850001,0.6953712506119999,0.7105127841760001,0.729542197687,0.747283586176,0.775324290694,0.7899901912189999,0.8076108803190001,0.8294749112959999,0.8503411304199999,0.8736322810389999,0.888771369772,0.9044878087880001,0.92178232941,0.936742796774,0.947243688696,0.942502969325,0.936696024727,0.9284950052399998,0.919943945902,0.9131667221549999,0.908730204535
68,Greenland,GRL,1.10005824412,1.09065719815,1.07763427731,1.06804332082,1.06060533501,1.0624920833,1.07463312494,1.0780328698,1.0843056545699998,1.08081173591,1.08491622417,1.07737807188,1.0740272224,1.06984125287,1.07483409455,1.07168632085,1.0563509192899998,1.04245209505,1.03813948427,1.04305095231,1.04859268146,1.03987052036,1.03556843921,1.0344492418100002,1.04117135472,1.05301532984,1.0616881895499999
69,Grenada,GRD,0.40463628378100003,0.412109325338,0.41812657708000006,0.44129649962300005,0.45975715980099996,0.463805534415,0.4784583584380001,0.494412812808,0.51331029416,0.532480287896,0.557754435211,0.579112830804,0.605382328994,0.631175460165,0.653061928958,0.6870027400040001,0.7098796481380001,0.7288677701090001,0.7570099687649999,0.7881114655120001,0.8120512586950001,0.828039843787,0.8367643661540001,0.852632887142,0.866780756569,0.890292456947,0.904396868048
70,Guam,GUM,0.430033009159,0.44631486194700004,0.463516949878,0.47899660178000003,0.492700375688,0.514256982282,0.528090229643,0.532992865058,0.54509825769,0.553368697738,0.5681867917710001,0.5840147212879999,0.5986468055359999,0.6104565597130001,0.6300907241270001,0.646674479662,0.666568704918,0.683237983233,0.696689424597,0.7185459280469999,0.734935406332,0.7430830497900001,0.748244183907,0.756803018507,0.7634967225049999,0.770307269403,0.7763950756469999
71,Guatemala,GTM,0.15572997127399998,0.162317346931,0.168926737263,0.17591883085,0.18733253506099998,0.19609535798,0.200756479335,0.208326497722,0.216415603227,0.224920695264,0.23226545265999998,0.23682342350000002,0.24417024944600002,0.24864132471,0.25318279935399995,0.256863642345,0.258566092772,0.259826475584,0.260028719212,0.26326640170300003,0.265323410456,0.26592980099200003,0.265485984321,0.265885804921,0.265682687039,0.268572074913,0.271353167284
72,Guinea,GIN,0.207349875703,0.207931340591,0.206998240386,0.206525406607,0.206357861349,0.20578099626,0.205036925056,0.20473289117199997,0.207014645716,0.20734213831,0.206784730056,0.206755731922,0.20700782897999997,0.20443214125999998,0.203431062234,0.201650673046,0.20269141789099998,0.202828935421,0.202177286962,0.204849759238,0.205683749967,0.20674701132,0.207111915055,0.206167397194,0.20722435814800003,0.206750267341,0.207452492739
73,Guinea-Bissau,GNB,0.191270569604,0.191148602879,0.191392326448,0.19160348733399998,0.19086649348,0.190824548067,0.191353079178,0.191110001066,0.19285464966600002,0.196227406561,0.19787096590599998,0.198535552809,0.20114806203200006,0.201799128882,0.204818479843,0.20492689379,0.207394541653,0.21025583887700006,0.21116826875500005,0.213095103083,0.214019404131,0.214444525649,0.21638642919599999,0.217467175177,0.21772170535399998,0.218295075821,0.22036824874000002
74,Guyana,GUY,0.353646740718,0.354494326972,0.355336652963,0.351288731475,0.35268602786,0.35152594501600004,0.36185314803400004,0.379998131724,0.39488544818899995,0.404553810793,0.42479862252800005,0.411593131809,0.41575554573600004,0.421630138802,0.431079277935,0.43539022828999996,0.44107569474299996,0.450146561911,0.457025310835,0.460403617422,0.467362653129,0.478331044596,0.483540628545,0.486486410481,0.492724713063,0.4978484806740001,0.496536433512
75,Haiti,HTI,0.435248642827,0.43049855408200005,0.426365057366,0.423274359929,0.422170616587,0.416777233748,0.410797495512,0.408005076642,0.40313039137100004,0.402169574154,0.3995341509279999,0.397559488813,0.39595210435,0.395465186878,0.393715966771,0.394608781159,0.38167395439400004,0.37735507139300006,0.373104078335,0.369788246463,0.34901238766500003,0.37151020768700005,0.373791302045,0.37697192279700004,0.379632564938,0.38450918662699995,0.40212544815300005
76,Honduras,HND,0.215870097777,0.21569969476000006,0.217855281126,0.21854631597,0.220456355008,0.225099787657,0.227423021217,0.22990977571199997,0.232397530581,0.23713710146000005,0.239155958773,0.23921082175099997,0.242706008768,0.244049616065,0.247266291919,0.24907578580200002,0.25020507795499997,0.251479337962,0.25205873402400003,0.254705770205,0.25645390549,0.258507498436,0.260081493797,0.26366761376500003,0.265380764948,0.26817721788500004,0.271698479094
77,Hungary,HUN,0.828035543282,0.855312068474,0.879368030221,0.903836856319,0.922592042983,0.950109808103,0.96209841899,0.970623176018,0.9783982924879999,0.991424462721,1.0052589374599998,1.0118779842399999,1.02175079745,1.02985349456,1.04166083162,1.04828290769,1.0535462421,1.0550278159100002,1.0560292664700002,1.05385485494,1.0529168802,1.047758816,1.0369574218100002,1.03162972799,1.03317129718,1.03537727098,1.03801078216
78,Iceland,ISL,1.1338860995,1.16580494295,1.1792734759299999,1.2061637267799998,1.24152765322,1.27250747292,1.2822541964,1.30209243067,1.32125065639,1.32997190366,1.35433141531,1.37872287216,1.38042507098,1.37042908125,1.3678112875600001,1.37319116021,1.3724315478,1.36288963368,1.3496095303600002,1.34162694272,1.37491603595,1.42008150583,1.44714696986,1.4840011727700002,1.5162550081200001,1.53414334184,1.55119569565
79,India,IND,0.18716884962000002,0.18666738163600002,0.18619742588500002,0.185358929032,0.185023351963,0.18466669773400002,0.184526986666,0.18423610420000003,0.183482946959,0.182320469902,0.181894931862,0.180309284099,0.17932451438000002,0.178647443455,0.17864320474599998,0.180361609379,0.18059654511300002,0.181871379925,0.18369718428800003,0.185933452629,0.18807738792,0.19040134757,0.193045562038,0.196605324533,0.20001698513,0.20363006118700003,0.206683488939
80,Indonesia,IDN,0.224384695536,0.225894413213,0.228538945492,0.232147152524,0.234800389879,0.23849290599,0.241161112693,0.244146375778,0.246557448697,0.248381162811,0.250586949333,0.25089236745800003,0.251867369575,0.253194581147,0.25395711896,0.256732649813,0.257872687456,0.25817214052299997,0.25951194041700004,0.26098606025800003,0.263475695125,0.267636846182,0.271819828852,0.276708217127,0.281577270961,0.287260395513,0.29336906873199997
81,Iran,IRN,0.16696826348600002,0.17287947587900002,0.176012455607,0.18216590870700003,0.188132727873,0.196408255819,0.20172620727200002,0.205295136648,0.210658068743,0.216280752493,0.22474151112799998,0.229547911161,0.234406913561,0.23710399303399998,0.24205867435400005,0.24613449784,0.254438710304,0.263783156721,0.27307800159900003,0.285319171272,0.297807442458,0.305530718711,0.314860097484,0.324315006764,0.33265269358800004,0.34288628434,0.35297801581999994
82,Iraq,IRQ,0.1828067886,0.185231174291,0.18985781737799998,0.19314179050299998,0.197286080438,0.201188340468,0.2058415677,0.21097345500700002,0.216174890601,0.221806841631,0.22772572575999997,0.229008129164,0.23205092548700001,0.23414977924400002,0.235653819571,0.236645218037,0.229700732349,0.222424221081,0.220293487487,0.210622372466,0.206653887526,0.207683242341,0.209082862135,0.209507313676,0.21061198994600003,0.21190983550900006,0.214019285056
83,Ireland,IRL,0.806678070036,0.8312458417409999,0.8609114214910001,0.8941024175710001,0.9239358342499999,0.955297591894,0.982051895569,1.01523022406,1.0533566475799998,1.0980214758,1.14177098223,1.1616602522,1.18394728251,1.21262014721,1.25216521353,1.2867343406799998,1.2762383368299999,1.26440540808,1.26167312592,1.25928144719,1.2537246448200001,1.27106000826,1.2858571869700002,1.3001750905299998,1.31314986675,1.32942458728,1.3535372829700003
84,Israel,ISR,0.6856953860030001,0.707389069892,0.7299176685409999,0.751970734642,0.776612124649,0.8042626806139999,0.8103332445090001,0.8130326612329999,0.813602551525,0.8126876593479999,0.8161297626980001,0.8109847074779999,0.8077250175549999,0.7993699961199999,0.794503121486,0.7932307059710001,0.783638524936,0.7698573449580001,0.757927623465,0.7460239973299999,0.743573164339,0.7402072249230001,0.739349144744,0.736877129337,0.7390989955380001,0.739285860325,0.7401543549099999
85,Italy,ITA,1.11906361423,1.13652246977,1.1588248479899999,1.1811103376,1.20496135168,1.22979505984,1.2530359444,1.27002050009,1.29471316014,1.31417879077,1.33427867631,1.33373055271,1.33925665576,1.3458892293,1.34617425686,1.3600326725999998,1.37582145726,1.3876121957299998,1.39629184701,1.40784730744,1.41262046868,1.4188781488000002,1.42014697384,1.41556878653,1.41645218993,1.41669528334,1.42038634715
86,Jamaica,JAM,0.455556614328,0.464038078472,0.47541278829899997,0.486896481734,0.49992873046999997,0.512404988075,0.52655941452,0.5419469679810001,0.558275083411,0.5730321464020001,0.5908104847460001,0.596406511018,0.600770536122,0.6051247585789999,0.6078663594820001,0.6135059821150001,0.627216199007,0.6406663613829999,0.655901513274,0.669009131816,0.683800961561,0.690592127343,0.697686897457,0.7032305548989999,0.711011343959,0.716220965154,0.7241986769900001
87,Japan,JPN,0.7914518870209999,0.8067011076569999,0.820779780319,0.8324641494689999,0.845528863581,0.862137967188,0.8728026375889999,0.882022239086,0.8920100297989999,0.901756511095,0.9139752733609999,0.920027426832,0.9280238292090001,0.938585199085,0.951697126669,0.967920981892,0.977496080929,0.987489528598,0.996383553384,1.00254671252,1.0127689085,1.0111153672600002,1.01009676838,1.0087011741399998,1.00516949733,1.00546405868,1.0062536729
88,Jordan,JOR,0.214631296295,0.216949730014,0.221441357647,0.22630318343400002,0.233118337128,0.239198548861,0.245122738986,0.252181860743,0.259744900339,0.26744921775499997,0.275816450143,0.28325951449500003,0.291829810335,0.301658683859,0.315181429971,0.32436166388099996,0.325970579903,0.32470966163500004,0.326393776803,0.32651470349600004,0.328665486206,0.332828766653,0.33558866618699995,0.340007379005,0.345540407068,0.350847100031,0.35593915552
89,Kazakhstan,KAZ,0.450493558499,0.456515178961,0.467355375643,0.484034238101,0.503521856486,0.517592371223,0.519142151424,0.5181587111139999,0.5174796991520001,0.519816953817,0.51748889958,0.516563014503,0.516375687679,0.5184037191599999,0.5233143266870001,0.528144110901,0.527932652103,0.526474586493,0.5189105341879999,0.51274926965,0.509513350444,0.502564690133,0.49627501667499996,0.481545706023,0.468658889271,0.461960403042,0.46686421849
90,Kenya,KEN,0.188898771516,0.189284256613,0.19165134115,0.193410123494,0.195402120971,0.197211235845,0.196221921888,0.19794380305300002,0.199164521765,0.19813990891600003,0.19929324650199998,0.19313362283,0.196573695264,0.192960702665,0.189755041573,0.18748748963,0.18600657986,0.18479436634799998,0.185048961594,0.18508660295,0.186103104818,0.18654871665699999,0.18744253583099998,0.18819559885899997,0.189342915585,0.190573769981,0.19202953637400003
91,Kiribati,KIR,0.16848548626100002,0.16909588023699998,0.16937651336999998,0.17129215462900002,0.17285825284899997,0.174727503768,0.17524602988899998,0.177897481842,0.179256136346,0.181301151113,0.184212846215,0.186451610249,0.190413044886,0.19302837359000002,0.19541415739800005,0.198113569241,0.199671913079,0.20064984193399998,0.202288300007,0.203278757987,0.204626428051,0.205502840209,0.207197165479,0.206499122579,0.20810697097,0.20963661550800006,0.210413089061
92,Kuwait,KWT,0.244921070365,0.234721526512,0.22864476209,0.22666236156300001,0.222666607121,0.22654708727200001,0.23372033755899999,0.243061038057,0.253956039949,0.263402822814,0.276619150027,0.283879145042,0.28732483403200004,0.290954354934,0.30015772706599997,0.30869359328400003,0.323381553278,0.336561210251,0.354385994279,0.371017861729,0.387095327699,0.393760805378,0.399899712388,0.410504037667,0.42221443538,0.43701233822200003,0.448713905421
93,Kyrgyzstan,KGZ,0.289379729441,0.293228710388,0.29953350207400004,0.306454655177,0.316483045656,0.31965763027800004,0.308589763696,0.298120024839,0.291353473379,0.286314206797,0.28266850474,0.278240375719,0.281027227438,0.286966760662,0.289289315499,0.29122907397200004,0.28692054495700003,0.282051867996,0.275147249238,0.267890087888,0.261417925878,0.260043038574,0.257642191171,0.25425420612300004,0.253581503413,0.253929056203,0.253592995642
94,Laos,LAO,0.276053072744,0.275747684953,0.274622902266,0.273880838663,0.27341016544200003,0.274578587552,0.27598030856899997,0.277012234518,0.277371662562,0.27721492590700003,0.276880658355,0.27577074640099997,0.272946287479,0.271109755884,0.269235970966,0.26873564069100003,0.266467698699,0.264217444982,0.262629434492,0.258997907724,0.258693009654,0.257716014498,0.257730240951,0.256296648245,0.258372905193,0.256587640919,0.257884695204
95,Latvia,LVA,0.613417552774,0.634635970053,0.662183269155,0.7044329788979999,0.7363228331899999,0.739367315747,0.70636800349,0.696760946156,0.7080834323199999,0.696428154584,0.690550719965,0.724785361779,0.7475743588220001,0.778041696354,0.8124582413889999,0.8595460808250001,0.905583533734,0.9373529756550001,0.962047229575,0.984098788704,1.00564381494,1.00731088611,1.00309621825,1.0058983503899999,0.988285379363,0.977857380941,0.976166602621
96,Lebanon,LBN,0.529169228364,0.529755570397,0.5307488567840001,0.533880993342,0.536562995513,0.542963178124,0.551760411527,0.5609803577720001,0.574126332684,0.593491926176,0.616244466249,0.644867082723,0.6763003161869999,0.706347249781,0.737458109254,0.772456829562,0.785604644586,0.798605828433,0.808852604157,0.8271381130159999,0.844765334788,0.8612760330620001,0.87914715015,0.893675894597,0.9091872495209999,0.924176458576,0.940007317017
97,Lesotho,LSO,0.25828580848800003,0.258685431269,0.258647712169,0.26030498951500003,0.263026004725,0.261912128184,0.263308699742,0.268032189965,0.279419319419,0.288527857029,0.309245241307,0.313345345622,0.324620624657,0.33961931189499994,0.349814758941,0.35880528619900004,0.361034115201,0.36666829304399995,0.379622926158,0.382054678737,0.392610150082,0.39104998258,0.3943082176530001,0.399488235891,0.399402861335,0.40178034918899996,0.401571906954
98,Liberia,LBR,0.166892915128,0.16761428804700002,0.166767940757,0.16505806124199998,0.164557819698,0.164738022544,0.16410594739499998,0.162718750049,0.161825007985,0.16066372223699998,0.16156367988200002,0.162609818954,0.165295613275,0.16665056926799998,0.168811302892,0.171470484159,0.173992308702,0.177489072694,0.177767881768,0.180886439604,0.183465651275,0.184531651487,0.185396808252,0.18601345013,0.18672265426100002,0.188105205445,0.18901685823
99,Libya,LBY,0.228037044133,0.228756679667,0.230893788848,0.23467665255399997,0.236621065793,0.240386371309,0.246840707341,0.253694615013,0.260052107867,0.26857224489,0.27762792056200003,0.28758006118900004,0.297893880288,0.308275749118,0.320773053193,0.332758237753,0.347363466099,0.36511097379100005,0.38272086131,0.401317956766,0.425253774952,0.432442688001,0.454454006798,0.470578725899,0.484419458869,0.498649514859,0.508943166609
100,Lithuania,LTU,0.637255381469,0.672600212782,0.7034089370950001,0.769792333187,0.8059142868860001,0.825095244677,0.805802404527,0.7959953531199999,0.8056927900290001,0.8061232118880001,0.809135775986,0.852430544561,0.8764188276320001,0.9181978125399999,0.960317955305,1.02420171664,1.0643660439700002,1.1029807574,1.13371545179,1.11600343136,1.1416958119399998,1.1484688158399998,1.1574472155700002,1.17287395744,1.17427453707,1.1917154636,1.20379013354
101,Luxembourg,LUX,1.54330567553,1.55145895086,1.5555541989,1.5554165657499999,1.56474398021,1.5739180894999998,1.57196888014,1.58643547762,1.57403815821,1.5509664158,1.5511075398899998,1.56445558783,1.5604483466699999,1.55625840754,1.54350310801,1.53503668735,1.52758388954,1.52674267222,1.51748317134,1.502366516,1.51293297062,1.5279490287800002,1.5273420382499998,1.53861238629,1.5642410969799998,1.56804679726,1.5674082692100002
102,Macedonia,MKD,0.471904158548,0.472602536184,0.480105823004,0.485016143886,0.492542372298,0.49984563412199995,0.510530150128,0.521153246599,0.534103338365,0.542512664646,0.5529184682230001,0.562410586651,0.5734954187679999,0.585736223837,0.595332604818,0.6073932079400001,0.6179126711330001,0.6299301745979999,0.6423893120599999,0.651408627615,0.663401462323,0.665615228684,0.6716677480390001,0.675404339842,0.6788726158039999,0.6837594730150001,0.6883141823190001
103,Madagascar,MDG,0.269151904914,0.268765593744,0.269930016464,0.271678856636,0.26767737381400003,0.267786093468,0.267027748356,0.268297421556,0.268339066119,0.26628252829,0.266506693891,0.266454943944,0.267566849323,0.268525453196,0.268403865019,0.26634170222,0.26629015867600003,0.266221562038,0.267400909309,0.268993853811,0.27009910728000003,0.270695734711,0.27256859598600003,0.273623944846,0.274295516919,0.27536964708,0.275940067181
104,Malawi,MWI,0.222615182333,0.221395687681,0.221811770506,0.22106604918000006,0.222671770454,0.223603575822,0.225228686193,0.23660868883299999,0.254832428896,0.278562608208,0.30754474210099997,0.33580033333400006,0.363928985586,0.39063684362499995,0.412481340116,0.433531371706,0.419168150626,0.41109907564099996,0.407552566645,0.40415572645099995,0.4000256358130001,0.396463381372,0.393815519748,0.39283933204099997,0.392167083199,0.392475035662,0.391049060265
105,Malaysia,MYS,0.26438215343000004,0.268065202126,0.272633077305,0.276493362952,0.280126079697,0.285413430502,0.290691521297,0.298241871541,0.303081560237,0.308976240426,0.316696058257,0.325114539488,0.33700359214200004,0.349511037337,0.358144725203,0.36720428108099995,0.373047696643,0.379077239496,0.38494872259199997,0.390558451749,0.39989596712,0.41054721329800004,0.421471629464,0.43493465377400004,0.447554717157,0.46135870641099996,0.475616855997
106,Maldives,MDV,0.234971208627,0.230410761337,0.226957925294,0.225166777365,0.22221870812600003,0.220057805207,0.21780952213200006,0.21680774381999998,0.21579972188000002,0.21526192655,0.216250334776,0.214203825108,0.209989486452,0.20767275849199998,0.204761402522,0.203670968539,0.202917459634,0.201773306736,0.202398046571,0.202518367995,0.204562085046,0.208430647047,0.21260914232099998,0.216973229649,0.222559283588,0.227733253871,0.234559218505
107,Mali,MLI,0.19435751448199998,0.192680069926,0.194262116604,0.195914086258,0.199995984907,0.208986489533,0.206141629333,0.204231854752,0.202061988816,0.198372929614,0.19706422825500006,0.19411284242600002,0.191672745674,0.188713199251,0.187629169476,0.185162941225,0.184783475699,0.18407074119000003,0.18425205557100002,0.183853484583,0.183894861834,0.183181920842,0.184916495698,0.18498106921500002,0.18465521450300001,0.184654824505,0.185185627008
108,Malta,MLT,0.7845224936999999,0.787959270853,0.7950668847300001,0.80194977698,0.813189491919,0.81429364358,0.8254893612279999,0.8509669577169999,0.8850184223509999,0.9207657219490001,0.968262598821,0.9715826253540001,0.971209598482,0.9650999937720001,0.961287434064,0.9623304687209999,0.96394214073,0.968180115256,0.970798354964,0.973822746342,0.9784951241,0.978960933196,0.9829077794050001,0.983668007918,0.989400143803,0.9969717003630001,1.00706202567
109,Marshall Islands,MHL,0.192412197944,0.19629485159700005,0.198351370736,0.20425519875500006,0.20733391764000003,0.2121071067,0.21732771701900003,0.223846849839,0.229073730091,0.235989747311,0.244716215905,0.25026079967,0.25620911254,0.262092420892,0.26836855048700003,0.27594508810199997,0.280935611983,0.282647270445,0.285358114465,0.287896032262,0.290211266019,0.292562510223,0.29409839523200004,0.29589620908500003,0.29943765175500003,0.300624239804,0.302017509241
110,Mauritania,MRT,0.183733788244,0.183035420578,0.18317300040399997,0.18193487622,0.18268579316300002,0.181213195111,0.181563316639,0.17989582987599997,0.17942862804200002,0.177775049735,0.17726699784000002,0.17783183231600003,0.17656769876400003,0.17710534387600002,0.17649329343099998,0.177241010104,0.17855538226700002,0.179521358968,0.18107193035799998,0.18314028197999999,0.185211980935,0.186598255201,0.188228791871,0.18953709244000003,0.192066082811,0.19465267127500002,0.19737300548
111,Mauritius,MUS,0.252305896879,0.257516283131,0.26569303804,0.271716987831,0.283213840747,0.288757830419,0.293136965234,0.29161150790900003,0.304250784777,0.317597002179,0.336411297496,0.347486291393,0.354226870133,0.363261511224,0.372883010993,0.378821217914,0.38335684990900004,0.391131883186,0.402055663662,0.40782930126500005,0.413715879525,0.416358417372,0.421591446242,0.427242264934,0.431599117007,0.43876695567699997,0.443888411219
112,Mexico,MEX,0.372986629488,0.3831425561,0.396863653469,0.411865466937,0.42719872797,0.446106465599,0.449352212567,0.455543223543,0.461803907213,0.467009151759,0.47207171130099995,0.4795937164420001,0.489849335165,0.500460000257,0.509475637591,0.523270531241,0.521811480664,0.5208563645809999,0.5251392482020001,0.529759476178,0.533050017537,0.5386937762430001,0.5474399599399999,0.559634596277,0.570740283643,0.578833473843,0.5882461792660001
113,Micronesia (country),FSM,0.20235871858399998,0.205086989513,0.209871608575,0.212750447789,0.217296919381,0.224156371202,0.229502058287,0.235433204776,0.242568803425,0.250378825234,0.258691545485,0.266108818928,0.27280151362599997,0.281099069547,0.28877830857500003,0.299947879478,0.303766917709,0.30704208801,0.310139774887,0.315568931146,0.322441646209,0.321097030628,0.321759173367,0.32335552361700004,0.329186709813,0.33150794358,0.329887393395
114,Moldova,MDA,0.44369327148500004,0.46128516570600003,0.45438080068400005,0.463257640466,0.482615767106,0.490231450351,0.462938744583,0.41629555409999996,0.392855848804,0.377979786083,0.366091713521,0.368061897826,0.369331092151,0.37364365618199996,0.376647230542,0.39415548164,0.398646578883,0.400236037947,0.405983843833,0.410169759984,0.42325546546099996,0.40796737906999997,0.41166295744900006,0.40878569457900005,0.415638024842,0.420485281043,0.42001324511
115,Mongolia,MNG,0.381745571866,0.385892843238,0.39107022152599996,0.399188786818,0.408636397571,0.424620495753,0.429714069517,0.434120328179,0.43483808593400003,0.42943257005400004,0.4225381094490001,0.420690250893,0.420101997578,0.423751091409,0.42837264597099994,0.434601218758,0.433152728936,0.430295015331,0.430102117065,0.432168531092,0.43539202578100006,0.430197541476,0.4243163950860001,0.419864597998,0.413963952876,0.413202702208,0.413616631088
116,Montenegro,MNE,0.5170130922030001,0.5180469811580001,0.519532274384,0.516502586742,0.516374972972,0.517955574485,0.521069332235,0.524723477291,0.5314537158020001,0.537098481617,0.542230241824,0.547757998704,0.5564883414340001,0.565545629831,0.575867563315,0.5857387111660001,0.5895716782930001,0.592591112544,0.597042920598,0.6047120945910001,0.612178694348,0.619317466071,0.6236206152029999,0.6310074047209999,0.63628961409,0.642022941387,0.6498567085279999
117,Morocco,MAR,0.211516939802,0.21294096355,0.214713016788,0.217037186571,0.21782949785100003,0.220095511056,0.22035013870900003,0.221759529453,0.22377900980800006,0.224584648383,0.226671139742,0.227277228357,0.231000218997,0.233817355785,0.23693094633900003,0.240298557381,0.24361881397500001,0.247279555132,0.250265470237,0.253724469573,0.257182191489,0.259594082145,0.264429204486,0.269884676669,0.27418221323,0.277964918092,0.28319638380900003
118,Mozambique,MOZ,0.20375119427299998,0.201876929495,0.201000800517,0.19865620310499998,0.196203865691,0.19456717891199998,0.194590447075,0.194565692339,0.19185702060899998,0.190797680994,0.190237722534,0.185589838959,0.184023269282,0.181787488631,0.180497720636,0.180646451386,0.180133473852,0.181023523565,0.18016422903700002,0.182531660642,0.18331690890000002,0.184012819564,0.18418006604200002,0.185327383307,0.188495252173,0.19136924684300002,0.193802001171
119,Myanmar,MMR,0.246812920459,0.24642097978900002,0.246910290865,0.246897810418,0.246033262148,0.24689193844300003,0.246640352638,0.245870520726,0.24676288135699997,0.24651783259300006,0.24644956086199998,0.24599260133900003,0.244716366818,0.247080383097,0.244850899734,0.24456198023400003,0.245150686527,0.24556783646400002,0.244110480345,0.248138706439,0.249885467828,0.252260576025,0.25396903618100003,0.25583737241500004,0.25992315495900004,0.261757255683,0.265732632627
120,Namibia,NAM,0.142132636145,0.14296534623600002,0.143684340104,0.14449985595999998,0.146163781875,0.14886234921299998,0.152028855386,0.15773735420999999,0.162823847851,0.17119578150700002,0.17850804227099998,0.182382378844,0.187085960771,0.196691312741,0.203235873503,0.211367278486,0.21461480382800002,0.216411391265,0.218513358285,0.227194814983,0.227554892645,0.22757453584399998,0.228919967625,0.230277045867,0.232095917516,0.234316438384,0.236928825007
121,Nepal,NPL,0.201927975625,0.19832287572,0.19325619179900003,0.192891721963,0.188907048443,0.184867346316,0.177084712828,0.17254276841699998,0.16829821955899998,0.163510382289,0.15956047125,0.156312403417,0.156067246572,0.153808582674,0.152720839986,0.15208313628200001,0.150966990932,0.15007935056900001,0.150032702967,0.14879269445999999,0.14944721993100002,0.149309703982,0.14915447504499998,0.14934834205300002,0.14893741041800002,0.148359465826,0.14945756432600002
122,Netherlands,NLD,1.1278291355399999,1.1548763213500002,1.19077361136,1.2255976085,1.26020442709,1.30129952962,1.32097540917,1.33376638745,1.3508563831799998,1.37914745216,1.41339738289,1.44219385305,1.47471853493,1.51951350533,1.55666401905,1.57572351257,1.59818298821,1.6099372305400002,1.62432490435,1.6390284131600001,1.6604305568100002,1.68375680031,1.70010823407,1.70438588874,1.7028803095200002,1.69585493167,1.69921877167
123,New Zealand,NZL,1.37882685505,1.41530927681,1.44903436941,1.49184361128,1.54552834787,1.60468835921,1.6317265857699998,1.66040648551,1.6850084722499998,1.69074962068,1.70683198254,1.73011405633,1.74650292476,1.7401938892299997,1.7444483333599998,1.74742850768,1.70283501917,1.6682083463600001,1.6629723626800001,1.65345055965,1.6493766444799998,1.6623339270499995,1.68653546347,1.70765630606,1.72100199836,1.7380135511099997,1.7517772093900001
124,Nicaragua,NIC,0.18977959218199997,0.194396062293,0.1975642409,0.200721253073,0.201928421582,0.20545338059300003,0.20602866462799999,0.20584557376899998,0.205280498815,0.205982270923,0.207609572542,0.20714421209800002,0.208780336939,0.209522609775,0.21093115822,0.21211069843400002,0.212828232288,0.21552747209500006,0.21737562035500002,0.22074755822500003,0.224994209499,0.22695045443000003,0.229176917472,0.23146171560400003,0.234868469533,0.237995954533,0.240427129064
125,Niger,NER,0.150668615963,0.147884522605,0.147845944585,0.147339593613,0.14594161221799998,0.145722398166,0.14361009910300002,0.143115797493,0.141499029953,0.14174499498999998,0.142714979641,0.14323207476,0.14383527571799998,0.143003307067,0.143671570674,0.144019136284,0.145015661692,0.145354573299,0.145337607303,0.145569351347,0.146081794204,0.146734150531,0.147139479899,0.147920460724,0.148260982726,0.149486654291,0.150808511062
126,Nigeria,NGA,0.270501800992,0.270929570349,0.273895450692,0.27413408724800004,0.276450371501,0.279599898083,0.278869354327,0.27816319421999997,0.278675251814,0.277083681537,0.277439740975,0.274574943761,0.27406804827500003,0.271275092475,0.27024076779899997,0.26918704798799997,0.267866555834,0.264475374332,0.261852073646,0.260476710349,0.260226366794,0.260727026671,0.263023597676,0.268057426477,0.270776673676,0.275869325765,0.282661579168
127,North Korea,PRK,0.280909715449,0.279018298716,0.278211847033,0.27688026537800003,0.27727880951,0.27341832789799997,0.272234510778,0.274234309952,0.27563575574800003,0.27484735724500003,0.276068482812,0.276892457927,0.27816004373500003,0.282235419687,0.281540316286,0.28163063427900004,0.28044434482299996,0.278676050662,0.27795835792199997,0.276359015338,0.275564561412,0.27395280664300004,0.273096529832,0.271968573721,0.271492653726,0.270647777286,0.269993518321
128,Northern Mariana Islands,MNP,0.373499269731,0.38199544735299995,0.389316953757,0.398009105329,0.40997493600999996,0.419645620361,0.427715792838,0.436149359263,0.44619302417,0.45552407804399997,0.47162003332400004,0.489989954829,0.506316788951,0.516848631387,0.529686891568,0.547782901163,0.558167011587,0.5647795089600001,0.5707063879500001,0.579076061943,0.586262834432,0.584785738331,0.5852379471810001,0.5853621331319999,0.588578652753,0.5935137102310001,0.596705170723
129,Norway,NOR,1.04100463145,1.06678884077,1.09549748742,1.12080014376,1.14164721962,1.16936699776,1.19673911394,1.23821003459,1.27176842356,1.30451645862,1.3558804146599999,1.39643706636,1.4197791350100002,1.43054502802,1.44760915484,1.45640548238,1.4627088384600002,1.4737716395200002,1.47243486641,1.48758424451,1.51127516894,1.52904405027,1.5399908035299998,1.55093096551,1.5515697192500002,1.5543937436100002,1.5570009178600002
130,Oman,OMN,0.0901516892815,0.0893464560007,0.090113001929,0.08959095490539999,0.08939482801519999,0.09034126826310002,0.0910860040625,0.09342288217080001,0.09453442094219999,0.0978774466694,0.10060670997400001,0.102723221488,0.105158746242,0.107235795089,0.109904188764,0.115173260523,0.121139574071,0.128364237833,0.137614691878,0.14867804813500002,0.15914543001700002,0.16308225318,0.16762514769200001,0.172963425116,0.177885029168,0.18450573582,0.191504478851
131,Pakistan,PAK,0.240244903512,0.24712539319800006,0.25531302894200003,0.26246513768,0.271957849776,0.280849681862,0.286911548597,0.29821506854700003,0.309337286787,0.320592613688,0.332702903045,0.33445588448,0.336947408915,0.338462262684,0.34028185317500004,0.340834447685,0.341122919564,0.34055524007200005,0.34073585096500003,0.341578553792,0.341130688388,0.344836180233,0.34843161524899996,0.35364826484600004,0.35842460685500005,0.364624536831,0.370211772434
132,Palestine,PSE,0.17050680747400002,0.172003436468,0.17227009644900002,0.17316694558200002,0.174147634459,0.175738323803,0.179525508596,0.182829941435,0.188336006304,0.19247200783799998,0.196995725005,0.20195605282300005,0.205497599476,0.210880396403,0.215489423814,0.21970405493099998,0.216827439138,0.213604600289,0.21161160084500005,0.210091027318,0.210543600752,0.215546528294,0.221411288946,0.226716823849,0.232765224672,0.23918182896200002,0.24435559246199998
133,Panama,PAN,0.42807242860600003,0.43707623806900003,0.4423279917670001,0.44892013890199994,0.456127726911,0.463275687438,0.471317673522,0.476142662743,0.483824116753,0.490545641053,0.497819561542,0.500383922707,0.5040900621609999,0.509235787202,0.5078948052700001,0.511443047241,0.51994636565,0.531277282162,0.540657909858,0.551273851111,0.566387555463,0.589509847291,0.614430403624,0.639291790307,0.669648455016,0.69778567551,0.7237942605230001
134,Papua New Guinea,PNG,0.22150465285999998,0.224297082462,0.225098779679,0.226099480926,0.227677301356,0.230983564128,0.232785950711,0.236973256322,0.239915264699,0.242960506159,0.246706351839,0.249838829953,0.253748292316,0.25590937622,0.258736852576,0.261417813657,0.262067145091,0.262139314188,0.261485097132,0.261522940311,0.261626907698,0.26210098703400003,0.260504162227,0.259395179743,0.25934070035400003,0.258910817469,0.259209377921
135,Paraguay,PRY,0.271547011303,0.27741308908100004,0.282996647553,0.287059021531,0.292469833824,0.296474332317,0.30439468120200003,0.313233909914,0.322033512207,0.33260317765299996,0.343826899964,0.355484260895,0.36573368933600003,0.374693568748,0.382585905497,0.395740796192,0.402610472959,0.409115512428,0.417756231737,0.4250363918490001,0.434112721396,0.44461123560599997,0.453894165512,0.465099621744,0.476208251749,0.48762561055500003,0.498165398846
136,Peru,PER,0.34225458404799997,0.347611834987,0.35631907467,0.36565520742200003,0.371977752604,0.377519862839,0.37694732814000004,0.377914918018,0.375953058166,0.375231745019,0.37528993558,0.369702419975,0.36846133868299996,0.365776792992,0.362985280726,0.360044216087,0.35781766773100004,0.358394078509,0.362121454756,0.366374279309,0.369763215669,0.371163434458,0.370236752257,0.369646680411,0.368373764872,0.370670707728,0.374503973912
137,Philippines,PHL,0.23413701721400001,0.235742382263,0.23714910710700002,0.2434049269,0.252030720912,0.261836076422,0.268449632477,0.28012830050099996,0.291325547757,0.305660027941,0.315080553226,0.320751619341,0.325942268136,0.330694437563,0.334482941039,0.339329042911,0.342675806181,0.345389817434,0.34737423503000003,0.350276154066,0.35584147522,0.357901181416,0.35751878,0.360002963274,0.361961768839,0.364635260986,0.36815541230899995
138,Poland,POL,0.5397863354779999,0.555475360851,0.5643432667230001,0.5722741943,0.5885295418300001,0.608438325576,0.6130077185849999,0.619919331679,0.6293850749169999,0.64249945436,0.645970149589,0.6510702275399999,0.653528274477,0.663593761055,0.67159012839,0.682665746508,0.696835921194,0.713067638712,0.732160090321,0.752567582356,0.7719727125779999,0.7814534355339999,0.797393498655,0.806650350038,0.8105880269869999,0.8157510325840001,0.825202724189
139,Portugal,PRT,0.6759113922300001,0.694544702989,0.711005347844,0.729462090417,0.7485369162819999,0.769876094337,0.7842837476719999,0.7968668073520001,0.8113893993369999,0.820181798994,0.8361309796429999,0.8366287734819999,0.840843098305,0.844290631038,0.8466118534229999,0.8501804723399999,0.849534682174,0.8576570733459999,0.8613142407209999,0.865123071744,0.867672323053,0.869021427809,0.869660135607,0.868476329927,0.8702163298239999,0.8742588761060001,0.8796562090680001
140,Puerto Rico,PRI,0.697727216944,0.723866119417,0.7482864601829999,0.779054133113,0.8107825170140001,0.842086850149,0.8564813495390001,0.865797099031,0.878744353166,0.8929698592869999,0.906078285599,0.9234661987780001,0.944324705878,0.965461988523,0.982851252846,0.994723485042,1.0191121837100001,1.0315047752500002,1.04437092252,1.05254254936,1.06547317331,1.06081361922,1.0638489005299998,1.0644848095000001,1.0657681528,1.06575802938,1.07032333884
141,Qatar,QAT,0.188209856662,0.195525223363,0.20286637065699997,0.210308239138,0.220072507193,0.23146921321400002,0.229512444963,0.2304862056,0.232498104315,0.234763847658,0.238501874965,0.24409263906000006,0.24807053272300006,0.253783431406,0.256038852549,0.258725717631,0.260153570148,0.260209055556,0.260144414113,0.262304295819,0.264842203882,0.26738389257,0.272108331859,0.280113011196,0.287426080604,0.29820742831,0.308184790814
142,Romania,ROU,0.4928901342,0.504655673024,0.523638955838,0.5391478889060001,0.553707630697,0.576690095225,0.5863757611429999,0.5915942450739999,0.593332792512,0.5938023168600001,0.6041958749,0.620372218811,0.637004567891,0.647780085968,0.657861112538,0.67457236996,0.685534559323,0.7020649540039999,0.728874783457,0.7528784282350001,0.7698459459229999,0.7693134305689999,0.7806267638869999,0.795947455689,0.805599711262,0.8090285033919999,0.8213649154290001
143,Russia,RUS,0.658923939152,0.6827963222750001,0.7241875865090001,0.7755450379090001,0.80961146377,0.8039736788380001,0.7622318998280001,0.7333957708540001,0.714395330723,0.713932864035,0.7145266128869999,0.7220908579719999,0.737450994216,0.751629341407,0.7677621055089999,0.7875305663519999,0.7890868698519999,0.8006143916930001,0.819114439061,0.8155106733230001,0.830424074596,0.830191235528,0.825261687384,0.8259621641199999,0.8323997954269999,0.8386679501969999,0.850394275319
144,Rwanda,RWA,0.303538596567,0.311974011613,0.317434482876,0.32453754516399996,0.29747940360200004,0.34184663544699995,0.33692557149499996,0.329476617993,0.318714384371,0.306648637914,0.294804317008,0.28094369382199996,0.26940761148000003,0.261282732883,0.253083594673,0.247315072847,0.245652364905,0.244523207025,0.24587686118299998,0.247573343091,0.249153224576,0.251324776248,0.25242540094,0.255467380736,0.258507573871,0.262498993529,0.26444211048800004
145,Saint Lucia,LCA,0.43356463575,0.449594356213,0.457780514388,0.465320836616,0.470666501929,0.476734570213,0.490498101234,0.5004704758949999,0.5178928512009999,0.531794460986,0.5431174467050001,0.5508659059590001,0.555219311412,0.566350948943,0.576819723524,0.5869718522680001,0.582872141056,0.580064576076,0.577390843002,0.578923792894,0.580354753966,0.5847000493819999,0.59744952135,0.605857528944,0.6156236365300001,0.6240221524389999,0.6308157545440001
146,Saint Vincent and the Grenadines,VCT,0.465290841621,0.471240700138,0.48696763608000004,0.501006679337,0.5150184355999999,0.530258015263,0.5499407894780001,0.5503631515899999,0.568692925638,0.591167327761,0.607035808429,0.600877826324,0.6044872738979999,0.6061738655460001,0.6150866060560001,0.62410681551,0.643633796452,0.65597337151,0.6729928979419999,0.6891006042810001,0.7007662658820001,0.7108690097370001,0.7208928399310001,0.745446371932,0.7553732964209999,0.770682910681,0.7804481662930001
147,Samoa,WSM,0.196973505537,0.19941033229000002,0.20206441649300003,0.205281106621,0.206687462164,0.210234147716,0.21257423987100002,0.214400451231,0.215642555329,0.217390736441,0.22124111856800002,0.222905982121,0.225100568178,0.225466904796,0.22750136953800001,0.22938060126,0.229627183678,0.231336245495,0.232473333158,0.233924111259,0.234889549459,0.23604838392900002,0.23858293290399998,0.238655124303,0.239179001659,0.241459775793,0.24245444299199997
148,Sao Tome and Principe,STP,0.23156111428400006,0.234159791699,0.236464819128,0.23934658711999998,0.24031331925299998,0.242233187495,0.246698437016,0.24979519780200002,0.25192480582,0.253049601533,0.25560146895700003,0.254035926822,0.254144343708,0.253813860236,0.254720785226,0.253002789512,0.253364339223,0.251739429552,0.249782505774,0.250648578702,0.250968807836,0.249571733698,0.251498891163,0.24970957936500002,0.249363658717,0.250276530523,0.250110355173
149,Saudi Arabia,SAU,0.121848308801,0.122555871202,0.123694555205,0.12517118011099998,0.127010791929,0.130107929777,0.133354733872,0.13750172853700002,0.142385023155,0.147178873758,0.152550523283,0.157099050288,0.162502965469,0.168313616727,0.174522769853,0.181364955738,0.189302877489,0.19829675856800005,0.209244141371,0.221379148241,0.236167458272,0.247023217414,0.259117727691,0.273074751116,0.287884780994,0.305020822307,0.32109743642
150,Senegal,SEN,0.158009796757,0.159467652218,0.15962481614600002,0.158996661175,0.16081054489500002,0.160513228126,0.16210469179999998,0.163064486175,0.163978437138,0.166656837915,0.16911869487700001,0.169502444365,0.17080927296300003,0.170767473242,0.172307552073,0.174864459464,0.17656325426199998,0.17842766541400001,0.179166669651,0.18140610424000003,0.18322498712000002,0.184426050331,0.185692846363,0.186905216084,0.187941455598,0.188850767475,0.18966269100000002
151,Serbia,SRB,0.5975259193269999,0.6013774980619999,0.6080291388,0.611647198289,0.614696173242,0.6189279973899999,0.6289723629220001,0.641482039687,0.6491983231499999,0.66019316144,0.6740142838100001,0.6882404338089999,0.701149750142,0.714571573172,0.7323006149200001,0.746970415396,0.756404933333,0.7675402374920001,0.779916506501,0.7918652914650001,0.8023864798360001,0.8070569195749999,0.8129705976620001,0.8196337881060001,0.8266342051460001,0.8320378180810001,0.837702590861
152,Seychelles,SYC,0.489013912202,0.49924530666199995,0.512175539698,0.528033838162,0.544955161156,0.563714650225,0.587792040343,0.613448407202,0.644444762103,0.664801763438,0.6917516395659999,0.697929408162,0.703582176533,0.706902863815,0.710258702974,0.712671379719,0.70659627494,0.7032682414589999,0.702019210142,0.704851664447,0.707911561207,0.720689612336,0.733014033714,0.747017246073,0.76260903759,0.7796031453319999,0.7960947712800001
153,Sierra Leone,SLE,0.15983901688,0.15944714543299998,0.16030498423,0.160575734121,0.161416840027,0.163774676585,0.166120325307,0.170568484001,0.17251238136100003,0.175593235678,0.17971626740200003,0.184337419702,0.188874629573,0.191572030392,0.194724188064,0.19781655226000006,0.199363420605,0.202302949527,0.203713986061,0.205353267065,0.207026007852,0.20778357681899998,0.20818617898800001,0.20985861036400005,0.20789993911600002,0.211777737215,0.213838526514
154,Singapore,SGP,0.591474317426,0.5926507557490001,0.5972574636069999,0.6023766775630001,0.6123079810459999,0.626505068695,0.644439931612,0.662829328792,0.6746911394130001,0.6839613852040001,0.708785138212,0.7104457939950001,0.7168307764470001,0.7217591348569999,0.732401950566,0.750763503252,0.764906909875,0.7843437879620001,0.8033660931219999,0.8286415993299999,0.848939292905,0.8581609290629999,0.8754410047800001,0.889788348484,0.9031857141859999,0.915657393647,0.928927676355
155,Slovakia,SVK,0.7837786905199999,0.794469651784,0.803458757742,0.815577144821,0.835273546611,0.8551186119629999,0.85582096292,0.870289666625,0.8817485290789999,0.8927377769099999,0.903530219083,0.913221580578,0.926916339911,0.9447827406820001,0.961050338593,0.981955964576,1.00452711341,1.03419484936,1.0579101461700002,1.08024738279,1.09729991449,1.1123798562,1.12838525293,1.14109477383,1.14800261085,1.15705541093,1.16689436814
156,Slovenia,SVN,0.8096545787180001,0.8238207345490001,0.8364480802940001,0.8527021098650001,0.864834310493,0.8742571152690001,0.8870243774279999,0.903140516133,0.917333383899,0.935327636341,0.951430049964,0.9733211156209999,0.992706543578,1.02152283658,1.04520427771,1.06751070966,1.0782469354100002,1.08677672277,1.0881503236499999,1.0864446909599998,1.08525370953,1.07718377789,1.07340941308,1.0705903657,1.05440554391,1.0623949918100002,1.0614376250600002
157,Solomon Islands,SLB,0.215548003848,0.21795115792599998,0.22043387775,0.221709422406,0.222675173715,0.226098720974,0.228434367777,0.23215736803,0.23618455351700002,0.240716756452,0.24415752120499998,0.247725438984,0.250693662095,0.253664151327,0.25691644851100004,0.259836742615,0.26129067252099997,0.260858803904,0.262938518602,0.264526555026,0.26626490052900004,0.26727322454299995,0.267534515425,0.269181923165,0.269297132383,0.27049317899799996,0.27213614366
158,Somalia,SOM,0.323578453576,0.323629138893,0.32533515831500004,0.32693014129000003,0.327285537754,0.32906143916499997,0.329010918793,0.328284349295,0.329991679572,0.32945359059900003,0.329282410557,0.328995622817,0.326993488934,0.32775263453700004,0.32773814075999996,0.327717388079,0.326262254334,0.324747616111,0.324537568911,0.324113334107,0.321969411122,0.32094690009,0.32064537020600004,0.32194848247200003,0.321945993764,0.32129359400400004,0.322690074484
159,South Africa,ZAF,0.38369525598000004,0.38399687540700006,0.389035170352,0.386669208727,0.392901991481,0.396303712459,0.405719678582,0.424085778709,0.432856280246,0.445423662536,0.464499204972,0.461859672671,0.4649387232930001,0.470748048367,0.475633802499,0.48164709816699997,0.487171275662,0.489081240918,0.4913275354,0.49777402128700005,0.507952368314,0.5092343539399999,0.511058360324,0.518753835508,0.529151396013,0.5373470434969999,0.548244481918
160,South Korea,KOR,0.473660645215,0.485229936588,0.499795489331,0.5199229567670001,0.541518801416,0.567966338115,0.587145880226,0.6059910442059999,0.617785057437,0.6349691174600001,0.6541885932879999,0.668215589344,0.6867301201039999,0.7036324616999999,0.723673523583,0.7426061344470001,0.7618579549779999,0.7818140221719999,0.7975540446389999,0.8133387208759999,0.8347296231350001,0.846935759151,0.8614430254990001,0.8749249158469999,0.8920617996920001,0.913228584946,0.9377949174079999
161,South Sudan,SSD,0.321535185223,0.320774932208,0.320921598935,0.31941003286200004,0.31782936410100004,0.314847327382,0.30932275685800004,0.30421069624,0.30014903654200004,0.290203152824,0.282990477034,0.276840025898,0.27275488905699996,0.269282034111,0.26504101923900003,0.26425293028499997,0.260133014541,0.257214987025,0.256819076182,0.255425897585,0.256281371624,0.258174879833,0.25593403649,0.258583805095,0.261295040934,0.262648270392,0.264149265086
162,Spain,ESP,0.769108109307,0.7849694739190001,0.8058875311089999,0.8215826944619999,0.838865494373,0.8546366994969999,0.861937831189,0.873956210506,0.884820598486,0.8940495964999999,0.9081762540189999,0.9165500105359999,0.924031264414,0.93496094441,0.9422438041769999,0.952555946806,0.957825290722,0.964101148049,0.967701843849,0.97004957963,0.973621900171,0.967347836431,0.966404474838,0.9614065257439999,0.957851206729,0.957103340344,0.95881887781
163,Sri Lanka,LKA,0.14075298492799998,0.142568799833,0.146822833742,0.151880813768,0.159457091764,0.165503184229,0.17225497583299998,0.18162286252,0.187826152828,0.190269473982,0.19337142201,0.193088358196,0.192377663041,0.19122232904599998,0.188628308543,0.19098865815000002,0.19193897054099998,0.196183281237,0.19904611,0.20051479542300002,0.205797915113,0.20912516170499998,0.212926154662,0.2168183127,0.22076135129000002,0.225955054386,0.231499270199
164,Sudan,SDN,0.178696968296,0.177545674463,0.17643670108399997,0.17509488653900002,0.1746083155,0.17471876420600002,0.172855220803,0.172620955873,0.17135889676500002,0.171126082339,0.170858306261,0.17163019074699998,0.172312230191,0.17280278818199998,0.17430559947299998,0.17538215525599998,0.17627978827500002,0.177003161598,0.17903117617400002,0.179827834339,0.18195354006499997,0.183194270516,0.184799786647,0.187391949173,0.189035237327,0.19152037553100001,0.19402025194000003
165,Suriname,SUR,0.31764986393399997,0.31489597027800004,0.31724136918,0.32096307045600003,0.321658572639,0.322984669494,0.326846329697,0.333537612705,0.339738423474,0.35049257765600006,0.35967975651600004,0.367969403134,0.377003257437,0.387942098182,0.396909318552,0.403668535574,0.415485059199,0.42706490922,0.436099719656,0.447434898508,0.459915927359,0.471413322144,0.482311118551,0.49346073071900004,0.504904942619,0.516658572361,0.5278730159
166,Swaziland,SWZ,0.301101789228,0.298670964881,0.29443593183,0.286394257408,0.282363760946,0.282924689091,0.284527604969,0.288551318529,0.297188985096,0.308206483711,0.32711053649599997,0.338704608234,0.353907733447,0.360939820693,0.367288797351,0.376551457221,0.371553224264,0.365146203268,0.35958407959,0.354834074986,0.35155137055700003,0.34962526822800005,0.34992146958000003,0.35090026017,0.35084522625599995,0.351639248528,0.35353408780199996
167,Sweden,SWE,1.03470671408,1.0535212507399998,1.0766671430399999,1.1061557303,1.1399237843,1.17779754881,1.20214179886,1.22561972898,1.24807275609,1.2756796942200002,1.3037832731899999,1.31239197563,1.3164794652299998,1.32957242744,1.34968687188,1.3608623346899997,1.3451936392299997,1.33579468621,1.3297963082,1.31179798992,1.29843563949,1.30681879891,1.31665061214,1.31747126597,1.31358990582,1.3166296827,1.32117975105
168,Switzerland,CHE,1.16633029035,1.1855863624299998,1.20413084721,1.22790473251,1.2438072612000002,1.2648043091299999,1.27141945758,1.2835687174500001,1.29355965712,1.30786059837,1.32385258131,1.31808860596,1.3166897694900002,1.30738998258,1.30555590943,1.2985171044600001,1.29781013929,1.2942763898799998,1.29009464825,1.2862843009799998,1.28300486115,1.2790544101799999,1.27896185933,1.2760550857400002,1.27578106384,1.27927299774,1.29141745141
169,Syria,SYR,0.140662938328,0.14086432035899998,0.141433173408,0.143076388461,0.143825936998,0.144475415937,0.145570185524,0.146994193303,0.148214466776,0.14849709936,0.15155817841,0.15114987149,0.150648379798,0.149305151557,0.148705077825,0.148703513692,0.148801869131,0.149563096704,0.15176372572799998,0.153158314593,0.154422398849,0.15543662169800002,0.15603971088500002,0.15762121620900002,0.159501852916,0.161368874552,0.16360064329
170,Taiwan,TWN,0.35515220796999997,0.379196619282,0.404024006263,0.432501595721,0.463762042178,0.49779537833400006,0.535176415312,0.585020986536,0.639468483891,0.668849326258,0.717060757083,0.7426407041390001,0.7649299763099999,0.787329881762,0.8165624063489999,0.8465937203699999,0.864121582587,0.8836999415060001,0.902091828635,0.916943832261,0.939146023213,0.959836281971,0.977254687131,0.994509759435,1.01220303004,1.0296517944299999,1.04528621691
171,Tajikistan,TJK,0.211431061723,0.206398572036,0.19987913965100002,0.193118184276,0.19177303059999998,0.185884148138,0.182518207736,0.180712818074,0.180078929212,0.178865512698,0.180985691584,0.180260014239,0.17984560249099998,0.179950846222,0.179144513356,0.178576311628,0.17533473402900002,0.17354085304000003,0.17324314343699998,0.17100331448699999,0.170649357745,0.171110602574,0.169788553532,0.167490760745,0.168890027055,0.169622451299,0.17106036568500002
172,Tanzania,TZA,0.237598303698,0.23638417083000002,0.237653064603,0.238542400277,0.24044543677,0.241441121208,0.240987506412,0.24248369173700002,0.243476504702,0.24323184057100003,0.24233342665,0.24048679212700005,0.239289394317,0.24077758198,0.241801215384,0.242226223894,0.24192779980700002,0.242846330983,0.24423026445,0.244826232808,0.246266078854,0.248148949337,0.252276708746,0.255808654481,0.260391292342,0.26210494081700003,0.2648389
173,Thailand,THA,0.256127688698,0.260179517758,0.264758591649,0.268840924423,0.272721600903,0.278414643685,0.28386397359500004,0.290407074589,0.298135210825,0.303520975922,0.310907239391,0.313643563884,0.319630246761,0.32477618097100003,0.324924416609,0.328008232262,0.330368198134,0.33179633498100003,0.33300772688700003,0.334617481991,0.338589198142,0.34203351387599995,0.34477086944799995,0.347552467102,0.350662314495,0.353097506548,0.35757828445600004
174,Timor,TLS,0.233126503092,0.23117190193599998,0.229250183767,0.227062138698,0.224334063937,0.224714649481,0.222151600527,0.217977153307,0.218022396805,0.214412958176,0.213296269631,0.210003969829,0.206677585184,0.204827874378,0.201794204356,0.198881731438,0.19518563980099998,0.19232331488600002,0.190299827116,0.189015871393,0.188342356457,0.189746990864,0.192117897812,0.19567967743200002,0.198435776111,0.202582351722,0.20726052289000002
175,Togo,TGO,0.157396617933,0.158405145622,0.15848650326699998,0.159710053997,0.16087316107000002,0.160989144303,0.162712586116,0.164232880673,0.16628933402,0.166782335359,0.169444260189,0.170389953002,0.172329149025,0.17552794825200002,0.17527070797799998,0.17628458889499998,0.178887870328,0.182768547415,0.186587733601,0.187395010574,0.189086511074,0.191116022903,0.192693986916,0.19426902509799998,0.19598951415600002,0.19698489074099998,0.19873220078
176,Tonga,TON,0.364337731104,0.367572979392,0.372967332501,0.378056821676,0.381805548556,0.385406730713,0.39014501613499997,0.396402896233,0.404860268225,0.416321302217,0.429661822813,0.423416802029,0.421909561395,0.420778332246,0.422331148835,0.424792530248,0.426990469098,0.42953479128600003,0.43234362043799995,0.434760717024,0.438207226645,0.43850514297,0.440474600866,0.443497986651,0.44737456105400003,0.451547726232,0.458293633819
177,Trinidad and Tobago,TTO,0.572176934633,0.583703640244,0.594183994424,0.603951391105,0.611011794113,0.6182192517940001,0.62238312371,0.629477148126,0.6291865097780001,0.632517791439,0.636910993979,0.643061486162,0.649271806187,0.6604763769850001,0.672629372689,0.687649701887,0.704698784538,0.7187162581209999,0.738227608776,0.759426509719,0.7866842163009999,0.79039329778,0.7988818411930001,0.804740268759,0.8110305279319999,0.8162655351379999,0.8231301533269999
178,Tunisia,TUN,0.24801997032499998,0.25331307644900003,0.25809302282700003,0.264258058222,0.26935207658599997,0.275930024221,0.280375754524,0.284175594917,0.288670010285,0.293473745031,0.299815958825,0.298270674049,0.29730457909,0.297433940024,0.296127108236,0.297724668428,0.30095359444200004,0.304985357214,0.308149087065,0.313474305637,0.318342908943,0.324110235315,0.33337103286,0.341473121399,0.35076180989699995,0.359750226638,0.37032552940800006
179,Turkey,TUR,0.29772373566300003,0.303221818664,0.30696987827100003,0.31296259522,0.31869168909699996,0.32467985005399996,0.32394620956799997,0.32594183884,0.325732308494,0.33338230001299995,0.327959730578,0.331098247422,0.33301164393000005,0.343678652021,0.347760861375,0.356016180572,0.357284516094,0.3535694568,0.35497403461800003,0.36479434493600005,0.37033277923,0.37597239943099997,0.38063814670100005,0.389464628644,0.395666531685,0.403810271923,0.413895202304
180,Turkmenistan,TKM,0.259148000706,0.257616490863,0.25418212022500003,0.250731534005,0.248640991886,0.243583680788,0.238826585558,0.23582927960900002,0.228722075824,0.22810465293200002,0.226358476728,0.227628931197,0.227511602072,0.22925016683200006,0.23257474138599998,0.23663727049,0.24521745230099998,0.25254131675700003,0.261638203098,0.275893222658,0.288464227389,0.29551863828,0.30165699216200004,0.309715137804,0.314356980537,0.320039847032,0.325715878273
181,Uganda,UGA,0.321186488369,0.324545544799,0.327986452,0.334121480385,0.34647340066200005,0.351649019101,0.345528178038,0.345132314534,0.347122022959,0.351191160342,0.361943266171,0.36038612244999996,0.36356590761600005,0.366991454315,0.371410737528,0.378571306652,0.373015989628,0.368017266449,0.36287190623000004,0.359424055308,0.359174559106,0.359096978389,0.360088071482,0.360608465506,0.362492025907,0.36446721052,0.36670559042499995
182,Ukraine,UKR,0.648970450885,0.677241338776,0.702977203375,0.7252565726540001,0.741696455135,0.7613492446100001,0.726817030863,0.6860292042239999,0.648557612906,0.633134108378,0.615017934589,0.6096895426310001,0.612620875611,0.618187883544,0.629353989622,0.6456296688000001,0.6443939163050001,0.6601853232370001,0.6704469421589999,0.6544224832910001,0.645560862183,0.640100275752,0.649313774309,0.653217737151,0.642155508709,0.644840136542,0.645413123725
183,United Arab Emirates,ARE,0.18828386953499998,0.19195223311299997,0.197277904436,0.20068648010899998,0.20645737051600002,0.2125133697,0.216805927403,0.221812768898,0.227557007299,0.232493542033,0.239413041685,0.242687371175,0.246090066782,0.249953782832,0.252635381993,0.255423932648,0.258782309094,0.261417401742,0.266312887805,0.271523319057,0.27780383890300003,0.283305719994,0.289915638744,0.297339349099,0.307221880699,0.31621835419100003,0.324335515442
184,United Kingdom,GBR,0.9616268962100001,0.981850128722,1.0050496746,1.0296707215799998,1.05426736597,1.0800416631899998,1.09483087649,1.1103243234,1.13264386505,1.1587254693100002,1.18614462045,1.2007461182299999,1.20787689786,1.20960335466,1.21584169769,1.22177589962,1.2163245420500002,1.2109978373299999,1.20893190832,1.2068712191500002,1.21117737069,1.2200043671,1.23397210932,1.25190010479,1.26398436765,1.27126704654,1.28049608549
185,United States,USA,1.56803911528,1.59229746473,1.61926944488,1.64754913649,1.67847776571,1.70923405986,1.7107043241600002,1.7096500682500002,1.70943413663,1.7076288793,1.71280471787,1.7102639246899998,1.6986880769,1.68147977704,1.67162860646,1.65622421507,1.63925454929,1.6355789524800002,1.6466185232700001,1.6613201108500002,1.67188168537,1.6717819508000002,1.67335765667,1.6744522643800002,1.67738360558,1.6862560897,1.6887186132199998
186,United States Virgin Islands,VIR,1.10192688219,1.13971054333,1.18465224838,1.22985074502,1.27625094742,1.32482723761,1.3662188793599999,1.4106451059,1.45604167445,1.4852060947,1.51737626116,1.53917520878,1.56363506014,1.58723476693,1.61987387436,1.6489954960000002,1.6881266450999999,1.727170269,1.76372689497,1.80360746974,1.84312610175,1.85291924403,1.8641057077,1.86446142156,1.8648360166799998,1.86921468271,1.86843601566
187,Uruguay,URY,0.661555915527,0.664841982849,0.6746643998840001,0.682761361832,0.689344280171,0.6971496618699999,0.7070056778230001,0.7138793476659999,0.7208842855230001,0.7301919936660001,0.7393239653889999,0.7415475625139999,0.7440825769499999,0.7457656830870001,0.7469142440000001,0.748664550366,0.7512577369310001,0.753217913037,0.758058811882,0.7639758778779999,0.7702797170219999,0.780959184517,0.7912287669470001,0.8007108794779999,0.814468186459,0.822788578219,0.83119343123
188,Uzbekistan,UZB,0.214349368,0.214851697973,0.21603883372,0.217807128528,0.219445547103,0.22308962009599997,0.22324532254299997,0.22376144304900006,0.224032352474,0.226337488128,0.22904188424400002,0.229088193153,0.229919462012,0.232296028332,0.23615401021899998,0.23748837751700005,0.238586872017,0.238415411204,0.241625161432,0.242893860297,0.246596934645,0.25082399277199996,0.254587625619,0.257653036327,0.262337529803,0.264513302773,0.267059728089
189,Vanuatu,VUT,0.199829789011,0.201642588899,0.203759669752,0.206062357536,0.20839376374,0.21246479417599998,0.21577995488899998,0.21901035846600006,0.222445874969,0.226947267251,0.230829382022,0.233136999235,0.23632136158599998,0.240815059866,0.24393914246400006,0.246921013189,0.248914616663,0.250753993465,0.252231082893,0.253593112218,0.250498817503,0.251389257326,0.25249547221900004,0.25278391197600003,0.25489028242,0.256062965389,0.256660557081
190,Venezuela,VEN,0.404953352428,0.42065107437,0.442187687501,0.456433431664,0.47494711970200004,0.4872548172410001,0.491277489221,0.493662876675,0.497528823873,0.502044211161,0.5071433766710001,0.5142700068180001,0.5235019685619999,0.527059494431,0.529180555477,0.537632964787,0.5552620226230001,0.5711861726430001,0.592257755522,0.6115872149079999,0.629563146198,0.647484776339,0.6681754451640001,0.6922081277750001,0.7129535091600001,0.7342852430779999,0.7528813585969999
191,Vietnam,VNM,0.22901042518599998,0.231268888994,0.233823575998,0.237230345748,0.239440846007,0.24402591466499998,0.24870862861800005,0.25260615966,0.254801713549,0.258944469973,0.262285241022,0.26533048237,0.267479712004,0.271837011852,0.274162987649,0.275584051604,0.278654505371,0.282439702512,0.286271527626,0.289669093738,0.291170071815,0.29483551310600004,0.29849271124000004,0.302329341523,0.305027489776,0.30981611691,0.313980597091
192,World,OWID,0.5436940791439999,0.551020374194,0.559910771666,0.568301737978,0.5761923212210001,0.583704337489,0.5835130931970001,0.5846205608589999,0.5864431970239999,0.5889455444949999,0.5932266266790001,0.595226094001,0.5975898693230001,0.5986632987030001,0.600916483243,0.604007129681,0.6041549262439999,0.6065441478600001,0.610573929612,0.614354366636,0.6193621807940001,0.622193063858,0.6258926727090001,0.630383558277,0.634421918648,0.63866336382,0.643080846118
193,Yemen,YEM,0.163917836589,0.16214142937200002,0.15946808502999998,0.159211465345,0.15688494657000002,0.157183406824,0.157316235643,0.156818937598,0.157330987302,0.157598410307,0.158514971405,0.159599788495,0.161797024419,0.163340914178,0.165824859717,0.168173308143,0.166895719525,0.166136972632,0.165369097573,0.165111883799,0.164943333819,0.16756525328,0.170686283345,0.173766540818,0.17585861097,0.180128310503,0.184449857298
194,Zambia,ZMB,0.258002784328,0.26411930570000003,0.273095352171,0.280022003072,0.290014413892,0.30417280048100004,0.310532968176,0.315594534775,0.321217452824,0.325309170411,0.329539539223,0.331299559755,0.33030978642299996,0.333032717603,0.329932663361,0.327230656728,0.326360325966,0.32390112467099996,0.320399504482,0.320228003592,0.320652871963,0.319303627569,0.317120522977,0.31577692391900003,0.313791431755,0.314349455266,0.314424374213
195,Zimbabwe,ZWE,0.406957418873,0.389424580173,0.373584533909,0.36099143799500005,0.351435228648,0.348316132813,0.34288229483099997,0.339966298656,0.344219472937,0.34893227513499997,0.35711589533300003,0.37440932195,0.394748330739,0.41017318352700005,0.433061452034,0.434593602191,0.428584989119,0.419155608023,0.41824751802,0.416621988659,0.41055670448,0.4062609310190001,0.401932728148,0.400513025186,0.4015933653659999,0.40053288770999995,0.40067112556999995
