,Country,ID,1990,1991,1992,1993,1994,1995,1996,1997,1998,1999,2000,2001,2002,2003,2004,2005,2006,2007,2008,2009,2010,2011,2012,2013,2014
0,Afghanistan,AFG,17.5770222091,17.6257701706,17.6943934253,17.7463691264,17.8033740827,17.8641279544,17.8815026261,17.8931925279,17.9034162081,17.9227799381,17.9491844136,17.9249246415,17.9182378666,17.9127999317,17.9033743527,17.9021629639,17.8752325642,17.8486825252,17.8130675594,17.787380977,17.7696857573,17.7371492295,17.7194783963,17.6974946894,17.6781296219
1,Albania,ALB,13.710771088,13.7190673209,13.737011729,13.7515194821,13.7714314314,13.793585736,13.795559358,13.7884757485,13.7991320545,13.7976639865,13.7948519313,13.7879070347,13.7848860808,13.7856108185,13.7853279344,13.7871915921,13.7871328753,13.7767869908,13.7773878756,13.7781693996,13.7763678603,13.7850865182,13.7973211931,13.8109823986,13.8203805457
2,Algeria,DZA,16.3560561768,16.3661246962,16.3628228408,16.3754220955,16.3821533747,16.3854315169,16.3912731601,16.3912999453,16.396242051,16.3956575184,16.4102896011,16.4175900167,16.4279442849,16.4289261741,16.4321443663,16.441542045,16.4430077964,16.4355765491,16.4391909502,16.4305642402,16.4387905533,16.4510964237,16.4669170872,16.4692464485,16.4878807807
5,Angola,AGO,16.0786816622,16.0765939985,16.0972552543,16.1110840105,16.1093173745,16.1237111815,16.1025666629,16.0882721246,16.0641653126,16.0461237211,16.0316595365,16.0041100512,15.9639078672,15.9464930463,15.925550414,15.8897630846,15.8538057187,15.8139313032,15.7818070283,15.7448665567,15.7126437663,15.6938815255,15.6872804989,15.6800618234,15.6497949686
7,Argentina,ARG,18.438999557,18.5054856645,18.5937726814,18.659362234,18.7335505709,18.8047641361,18.8185902382,18.8398886434,18.8487772042,18.8665889513,18.886283639,18.8903182372,18.9074774171,18.9123137867,18.9248683975,18.9431973788,18.8579681431,18.7702165749,18.7036048545,18.6254324904,18.5609957157,18.5687973846,18.5787797302,18.5886532257,18.6038688381
8,Armenia,ARM,13.6560979636,13.6510824732,13.6340832488,13.6175553035,13.6011015592,13.5923675743,13.5865361108,13.5815420367,13.5919237474,13.6019922897,13.6092560005,13.60173691,13.5941867153,13.5989572968,13.5991708067,13.6040651158,13.6255082299,13.6475762832,13.6609653253,13.6820040315,13.6809522293,13.6798084948,13.6757999544,13.6637931716,13.6514471019
9,Australia,AUS,21.2725455082,21.3399132608,21.4211081841,21.501322514,21.588862592,21.6533781291,21.6578405903,21.6583210105,21.6616489389,21.675044747,21.6639066245,21.7053089018,21.7258446113,21.7679008996,21.8009971524,21.8404085056,21.8099102245,21.7745903388,21.7352608588,21.6865264006,21.6569204099,21.6501831287,21.6607668232,21.6570855666,21.6433724651
10,Austria,AUT,17.3173829076,17.3212905956,17.3495063411,17.3558505179,17.3689825777,17.3927772764,17.3931780097,17.3979622329,17.404949059,17.4201963746,17.4269864627,17.4168100089,17.3964215931,17.3919039542,17.3840744217,17.3770154592,17.3777999711,17.3693437764,17.3716388629,17.3532462872,17.3594535064,17.3436853839,17.3348188543,17.3192672965,17.3143557187
11,Azerbaijan,AZE,13.9047181912,13.9062148719,13.9092284232,13.922175667,13.9359529232,13.9392949374,13.9597762011,13.9681784464,14.0029676873,14.0120736757,14.0364998754,14.0340330621,14.0352754181,14.033200141,14.0403312752,14.0501790176,14.0429660281,14.0318900305,14.0300009353,14.0261606047,14.0308976568,14.033403283,14.0383311385,14.047258128,14.0488545572
12,Bahamas,BHS,16.0557279925,16.0246821626,15.9896764432,15.959590733,15.9346310399,15.9022783047,15.8937215299,15.8842926104,15.8730410688,15.875292272,15.8714422792,15.859328052,15.8458909144,15.8305046324,15.8236785931,15.8065159328,15.7962762506,15.7772591202,15.7780357385,15.7687264326,15.7569948546,15.7596187808,15.7619303727,15.7708028491,15.7711115254
13,Bahrain,BHR,16.7237609645,16.7449878551,16.7648630222,16.7844527894,16.8048508924,16.8292065013,16.8313471925,16.8395927389,16.8275794887,16.8303806609,16.8455330444,16.8084101558,16.7847367092,16.7483247918,16.7171622648,16.6903131676,16.6554251514,16.6214169153,16.5808007305,16.5348866893,16.5036112717,16.4838802638,16.4833237621,16.4639421287,16.4425312246
14,Bangladesh,BGD,15.5074658963,15.461886422,15.4204270322,15.3844281003,15.3522592255,15.3047674984,15.3185405032,15.3407600466,15.3471969043,15.3657252214,15.3975454905,15.376633508,15.3695051131,15.354032679,15.3331666192,15.3231980316,15.295356952,15.256665879,15.2332867361,15.206857697,15.1844309841,15.1463295047,15.1170082103,15.0884119358,15.057055431
15,Barbados,BRB,15.6168660512,15.6084737377,15.6073599671,15.5864550331,15.5814506665,15.5826089032,15.5977729203,15.6030136747,15.6076557241,15.6290881214,15.6395968681,15.6367285755,15.64193526,15.6395811151,15.6519924115,15.6582406985,15.6596195767,15.6577242575,15.6500981147,15.6559468759,15.6635080988,15.6657424713,15.6854276959,15.6963465417,15.6998970666
16,Belarus,BLR,16.8807767367,16.8932816498,16.9335236693,16.9605609497,16.9869774428,17.0074685388,17.0265800443,17.0738878652,17.0950130782,17.1289989629,17.1671528784,17.1811006644,17.1930940959,17.2141635095,17.23559688,17.2471786271,17.2310584199,17.2083512958,17.1944884284,17.1759972057,17.1565134491,17.1536057414,17.1466935876,17.149184294,17.1430826808
17,Belgium,BEL,17.3280393274,17.3277741042,17.3354226674,17.3435356756,17.3460496476,17.3543352182,17.3786918699,17.4050361733,17.4360079119,17.462718513,17.4913186229,17.5210072868,17.5542869284,17.6022092579,17.6345064517,17.6679016355,17.6950937975,17.7111690142,17.7384002723,17.7482713884,17.7656316604,17.7626689642,17.7677252466,17.7577133721,17.7735874781
18,Belize,BLZ,15.6271977144,15.6471307705,15.6540437032,15.6843828075,15.6923032279,15.7078165057,15.7301126443,15.7583548429,15.7877578424,15.8175441786,15.847287141,15.8425896996,15.8578748712,15.8597540578,15.8622085088,15.8774613929,15.8776224266,15.8782669444,15.8595593811,15.8525707026,15.8474114312,15.8572249107,15.8591945745,15.8736474647,15.8772365186
19,Benin,BEN,15.2265464175,15.2359465283,15.2529770087,15.2462624339,15.2626802736,15.2756142064,15.2695990366,15.264963876,15.2807085638,15.2761653545,15.2859778159,15.2785597497,15.2677584841,15.2584230429,15.2441586794,15.2504454547,15.271067509,15.2847632794,15.2847202346,15.2989263096,15.304714554,15.2995629732,15.3069429275,15.3095855582,15.301459649
21,Bhutan,BTN,15.3569198727,15.3372759662,15.3113149545,15.3019664872,15.2979822515,15.2788228771,15.2542967664,15.2404365208,15.2370698579,15.2398672819,15.2463426699,15.2703730513,15.290271075,15.3327964838,15.365373512,15.3838417189,15.3733097117,15.3467138837,15.3353535763,15.3226100412,15.3066437871,15.3104665048,15.3254690234,15.3352238443,15.3540598301
22,Bolivia,BOL,15.3818186261,15.3857582774,15.3980941656,15.4130451408,15.4157647453,15.435734892,15.4240528579,15.4201544362,15.4142646907,15.4130843491,15.4108874568,15.3913950616,15.3663040376,15.3578824014,15.3408642529,15.3268948609,15.3216650674,15.3070361682,15.3128239608,15.297253,15.2956428421,15.2885161118,15.2784516709,15.2720667382,15.2736289942
23,Bosnia and Herzegovina,BIH,15.4608808229,15.4574930003,15.4676604546,15.4542497372,15.4472049956,15.4631597825,15.3871923093,15.3140009039,15.2609499979,15.1867541092,15.1429113954,15.0976212473,15.056578332,15.026807754,14.9913510119,14.9667571327,14.9366311551,14.9046897786,14.887440505,14.8522269233,14.8245516337,14.8404988236,14.8574452666,14.8741801356,14.8838696625
24,Botswana,BWA,16.1130860375,16.1269177149,16.1400660256,16.1570361331,16.1687914427,16.1908745769,16.1939684073,16.1984480182,16.2201603153,16.2217808285,16.239906799,16.2263593279,16.2133867134,16.2075956229,16.2028105162,16.1928749447,16.1751294771,16.144912083,16.1311192255,16.1104370526,16.0861629564,16.0662633359,16.0558442504,16.048187429,16.038058771
25,Brazil,BRA,17.4340900475,17.4561395634,17.4809101108,17.4986126256,17.521422625,17.5435462116,17.7762885405,18.0177750964,18.2721409864,18.5292228596,18.8056340716,18.8419812344,18.884220337,18.9294631179,18.9721272561,19.0238324243,18.9020303048,18.7853575173,18.6749473233,18.5708500338,18.4810839755,18.3921468536,18.3076053017,18.2236900401,18.1459678922
26,Brunei,BRN,13.7671034731,13.7587754224,13.7548734992,13.7403552444,13.7335060792,13.7289900976,13.7296810344,13.7370008386,13.7484891141,13.7462306559,13.7613815699,13.767059349,13.7628924515,13.7760651732,13.7818542448,13.7879923967,13.77264692,13.7505113651,13.7350965979,13.7157340988,13.7042949277,13.7207040114,13.729090558,13.7427550017,13.7580662251
27,Bulgaria,BGR,14.2441797276,14.2408717281,14.2550556107,14.2463300962,14.2592057396,14.2590773493,14.2413297355,14.2264966225,14.2157467334,14.2056566513,14.1936698842,14.1556992874,14.1382550415,14.1042163458,14.0762221615,14.0495159407,14.0369688545,14.0162921383,14.0029237072,13.9822042586,13.9703554326,13.987419357,13.9971944048,14.0171018865,14.0270368083
28,Burkina Faso,BFA,15.5863470259,15.5559366113,15.5485754133,15.5240659857,15.5092003049,15.4920842806,15.4955050468,15.4897610008,15.505936337,15.5051319215,15.5082814165,15.4939937217,15.5113980064,15.4948348851,15.4980176794,15.4976229788,15.4679969962,15.4417883743,15.4090242704,15.3853905864,15.3541575146,15.3579048521,15.3469496528,15.3429065233,15.3499040105
29,Burundi,BDI,16.8471724367,16.8563979773,16.8734321536,16.8855037044,16.9031017285,16.9233926618,16.9216663393,16.9296533942,16.9451611244,16.9670408306,16.9978772458,16.9701551594,16.9435726781,16.9258745475,16.8943876698,16.8724839249,16.8421864004,16.8008982981,16.7778007783,16.7415524367,16.7165308454,16.7055179266,16.7051928824,16.7116600051,16.6993177812
30,Cambodia,KHM,14.0884513159,14.0845728669,14.0686499045,14.0565297322,14.0524590469,14.0521939524,14.0184087604,14.0038078953,13.9891231203,13.9617612058,13.9443376854,13.9015808955,13.8723777881,13.8435502051,13.8194965744,13.7968635031,13.7915225249,13.7877064268,13.7605794964,13.7511906571,13.7303596322,13.7300812396,13.7082461645,13.7086890179,13.6892317563
31,Cameroon,CMR,14.9237668231,14.9456171643,14.9611773096,14.9881061237,15.0176953593,15.0427644496,15.0613061981,15.0761502141,15.0971250882,15.1177473862,15.1457281972,15.137967941,15.1576855118,15.1515432972,15.1769305852,15.181488059,15.1914068858,15.1957854682,15.2036994519,15.2234378293,15.2414805328,15.2376569417,15.2335039584,15.2557335641,15.2439713031
32,Canada,CAN,18.6791304275,18.7218437278,18.7707947755,18.8144457455,18.8450008684,18.8961341889,18.8204323285,18.7518623718,18.6932544856,18.6355534543,18.5859435849,18.5576672839,18.5286410999,18.5040345689,18.4763982536,18.447576167,18.5041656631,18.5682923103,18.6513431596,18.7549778083,18.8943159409,18.9031477363,18.9137663774,18.9353075937,18.9496192418
33,Cape Verde,CPV,15.3652531064,15.3869510221,15.4045919754,15.4214042369,15.4352467285,15.4657262189,15.475055238,15.5002205861,15.5217685254,15.5471533124,15.5596604749,15.5599569181,15.5762308982,15.5849117252,15.6050394619,15.6108157729,15.59602911,15.5842511231,15.5579623511,15.5493882436,15.5378324,15.5425444725,15.5374235807,15.5296307583,15.5330598114
34,Central African Republic,CAF,16.3837497613,16.3861386289,16.391554579,16.3912355063,16.4050494197,16.4125350823,16.4183590485,16.4093791474,16.4095580038,16.4174354274,16.4200672131,16.4205106699,16.4158723313,16.4118940439,16.4103157033,16.4111811667,16.404875622,16.3869872673,16.3831262471,16.3783538078,16.3760372487,16.3754019337,16.3874246609,16.3866145135,16.3907926832
35,Chad,TCD,15.6511858173,15.6336561324,15.6199192785,15.6171209376,15.6032889227,15.5962486531,15.6263765255,15.6607040601,15.6894953332,15.735267034,15.7737379752,15.7700598193,15.7647084143,15.772084998,15.7679587594,15.770695792,15.7498077681,15.7211575464,15.7160007648,15.6778041529,15.6659143425,15.628241267,15.6035897118,15.5717711615,15.5343470291
36,Chile,CHL,19.2979432768,19.3035353921,19.3105580471,19.3191061733,19.3243424122,19.3194427741,19.3323002868,19.3434777528,19.3462990896,19.3532442265,19.3669237738,19.349140477,19.335178948,19.3193111939,19.3012814851,19.2878036068,19.2362024721,19.1810619304,19.1316824156,19.0862570473,19.0362264243,19.0291748671,19.0527862371,19.0624385071,19.0668851477
37,China,CHN,14.6070656048,14.7102461615,14.787928675,14.8440448589,14.8901165164,14.9302586257,14.9540887265,14.9893845752,15.0271074765,15.061561389,15.1044923322,15.0623650595,15.0223966296,14.9850314277,14.9465992354,14.9081787952,14.9279416604,14.946403587,14.9588237175,14.9724948492,14.9846945146,14.9383412426,14.8943527035,14.8496776322,14.8033100527
38,Colombia,COL,12.5615030544,12.5811305581,12.6046078071,12.6292815015,12.6457812649,12.6748287801,12.7415555545,12.799319811,12.8770490578,12.9332044847,13.0044432199,13.0063698333,13.0183187552,13.0253854252,13.0311668176,13.0370084417,12.9362756491,12.8468599222,12.7480556276,12.6589482752,12.575476817,12.5738034903,12.5691542269,12.5684211124,12.570778908
39,Comoros,COM,15.5081111455,15.5074208514,15.5119070788,15.512965555,15.5215584919,15.5290203658,15.5307049035,15.5302123425,15.5281991834,15.5329394131,15.5446195204,15.5282522005,15.5221702502,15.5082273881,15.5056184631,15.493637444,15.4808415392,15.4595205827,15.4492789464,15.440235656,15.422701365,15.4293894531,15.4421502458,15.4636916151,15.4627608746
40,Congo,COG,15.9770493169,15.969169222,15.9707607658,15.9637222239,15.9556038024,15.9624985243,15.9612035666,15.9544490526,15.9554775159,15.961628739,15.9627268352,15.9251486899,15.8863122244,15.8494923492,15.8095101323,15.7757708558,15.7467290035,15.706829727,15.6777706597,15.6304777521,15.6101417069,15.5822696155,15.5553867407,15.5255594477,15.5086697638
41,Costa Rica,CRI,13.0549477022,13.0601484995,13.0697758368,13.0768550201,13.085420194,13.0944761097,13.1058481449,13.1234634017,13.1354789781,13.1406257984,13.160042935,13.1558650695,13.1555923876,13.1532826769,13.1494929727,13.1579662399,13.1621076037,13.1703661552,13.166142828,13.1713158832,13.1819005388,13.1872961264,13.2055410736,13.2118531422,13.2313049928
42,Cote d'Ivoire,CIV,14.7201273355,14.7358301031,14.7490750382,14.755251105,14.7674156517,14.7841231667,14.7645102239,14.7602847548,14.7398646315,14.7288618338,14.7200713596,14.7252742922,14.7343698325,14.7253851407,14.7251897233,14.726261823,14.7230735574,14.7229674817,14.7237692946,14.725257228,14.7265854569,14.7441085088,14.7564448897,14.7714344068,14.7854363001
43,Croatia,HRV,14.8567278602,14.8676419553,14.8718404017,14.8863344852,14.8908817732,14.9029663662,14.869092398,14.8425422973,14.8054381696,14.7725832815,14.7491082598,14.7333834882,14.7115728187,14.6940091651,14.6871848492,14.6674945264,14.6586889274,14.6444799258,14.6265512995,14.6216108511,14.606057509,14.6123211714,14.6212546885,14.6312105991,14.6438239554
44,Cuba,CUB,16.8187008001,16.8158640923,16.8304018631,16.8265018579,16.8352272652,16.8402802342,16.8189385644,16.7807218336,16.7665174786,16.7469084359,16.717100925,16.6658309807,16.6196830522,16.5645712254,16.5216299544,16.4733944861,16.4467106018,16.4051323768,16.389018948,16.3598038062,16.3334372241,16.3378095676,16.3368918817,16.3339436995,16.3490103916
45,Cyprus,CYP,16.3274172256,16.329963548,16.3143650402,16.3181492148,16.3129689552,16.3071177903,16.3017918881,16.2911642647,16.2849402439,16.2738227661,16.2716613019,16.2827223582,16.2856852017,16.2726246183,16.288924569,16.2836624716,16.273153292,16.2569519457,16.2499922108,16.2259548126,16.2223627946,16.2423727888,16.2782829536,16.295956378,16.3119119076
46,Czech Republic,CZE,14.4885758292,14.4941718461,14.4846304414,14.4948983647,14.4884782223,14.4899303035,14.4807954715,14.4880162554,14.484959371,14.4934209527,14.4958673701,14.488290458,14.500656333,14.4975837047,14.4947300821,14.5030216378,14.5049292081,14.5060838167,14.5009002009,14.5092776162,14.5072946974,14.5215787231,14.5160499205,14.5336463397,14.5580183916
47,Democratic Republic of Congo,COD,16.2410952115,16.2627669934,16.2625314555,16.2866329374,16.304572972,16.3316948411,16.3460829077,16.3702713046,16.4065476114,16.4251422125,16.4592880075,16.4580194547,16.4622224452,16.4645707058,16.4567935636,16.4701788693,16.4606225155,16.4509706876,16.4470765361,16.4399652931,16.4320570598,16.3957123794,16.3669669391,16.3316034563,16.3017837722
48,Denmark,DNK,16.7100751922,16.7107058022,16.7138717832,16.7210196324,16.7203551205,16.7260012589,16.674884141,16.6215432338,16.5704093207,16.5457806902,16.5005189896,16.4824944752,16.4689530204,16.4443704845,16.4404353527,16.4159811142,16.4190712916,16.4116633594,16.4211008315,16.4266098964,16.4272364132,16.4196293484,16.4372560322,16.4369445931,16.4542577558
49,Djibouti,DJI,15.5737748732,15.5787504085,15.5870040507,15.5818386773,15.5904500712,15.6015445789,15.6215263705,15.6444884426,15.6707675171,15.6959570976,15.7216896338,15.7464357013,15.7704722594,15.7935512336,15.8214848106,15.842992607,15.8306714213,15.8143129469,15.7958706174,15.7815591356,15.7725112366,15.7673677366,15.7461751697,15.7582976331,15.7466572439
51,Dominican Republic,DOM,15.6322598122,15.6358513188,15.6473158056,15.6460761758,15.6478989103,15.6570974657,15.6813322578,15.7086899038,15.7298822325,15.7598274307,15.7828264109,15.7742031106,15.7804021965,15.7807373045,15.7811039905,15.7792810805,15.7789194687,15.7770901687,15.7827396948,15.7790147629,15.7809860426,15.7695086624,15.78029407,15.7738031202,15.7679316611
52,Ecuador,ECU,15.0724155764,15.0684079117,15.0616067728,15.0506153658,15.0518202298,15.0434063234,15.0227986072,15.0187607903,15.0061879152,14.9950680839,14.9902909577,14.9842012353,14.980077767,14.9874748279,14.9832835296,14.9895468715,14.9836326606,14.9668124269,14.9663949994,14.9662825809,14.9584940612,14.9651596942,14.9677485348,14.9711750272,14.9765415563
53,Egypt,EGY,16.7888883174,16.7873015568,16.7823765439,16.7865606468,16.7758220759,16.7877883584,16.6883222257,16.6206682532,16.5385977472,16.4662915281,16.3794907149,16.3561700443,16.3447320194,16.3216368738,16.3046691771,16.2913586911,16.3565734203,16.4070364232,16.4734817367,16.5406500116,16.6042567727,16.629955903,16.6317848555,16.6306528493,16.6414051225
54,El Salvador,SLV,14.821132542,14.8006867417,14.7990626007,14.7901011443,14.7809645407,14.7626165811,14.7455944964,14.7256334419,14.7131426447,14.7010043594,14.6733870794,14.6457537072,14.6260093154,14.6046692187,14.5806852983,14.5505850829,14.5569933485,14.5529309118,14.5427548468,14.5261295276,14.5132836619,14.5155396977,14.516320097,14.5072459594,14.504800715
55,Equatorial Guinea,GNQ,16.5215667274,16.4898821993,16.477609739,16.4678848539,16.4463155224,16.4291368094,16.2793689583,16.1471711432,16.0163168065,15.9008462697,15.8003319316,15.6864080742,15.6131495146,15.5212624643,15.4407799485,15.369487945,15.3473984045,15.3152028147,15.2894461403,15.2662146738,15.2491781857,15.2310246174,15.2337619671,15.2290648535,15.2169376182
56,Eritrea,ERI,16.7971285356,16.7636142657,16.7309477837,16.698934523,16.6679738203,16.6424812157,16.5963007654,16.5563613488,16.5186837241,16.482718044,16.4388988984,16.4159037078,16.4061716891,16.3950926755,16.3668507187,16.363986023,16.3589219052,16.3560526224,16.3581004952,16.3490886656,16.351526629,16.3464899194,16.3438692941,16.3466656009,16.3472165478
57,Estonia,EST,18.2862806801,18.2741029444,18.2696759,18.2741678799,18.2815753122,18.2756626885,18.2683844175,18.2711792505,18.2600477593,18.2675751206,18.2613309094,18.1977703973,18.1576908919,18.1044290179,18.0552809825,18.0050500498,17.9340014308,17.8586923577,17.7806616149,17.7028034569,17.6398220132,17.6029744166,17.5664596008,17.5152175284,17.4964366985
58,Ethiopia,ETH,17.3477456343,17.3543439171,17.362793791,17.3673711428,17.3581671747,17.3779907558,17.3621600605,17.3617580286,17.3627525602,17.3483535239,17.355224775,17.3188228771,17.2824375288,17.2471552963,17.219027612,17.1827326829,17.146226088,17.1076142485,17.0732309176,17.052930604,17.0232433375,16.9861636329,16.9408292287,16.8994441425,16.8623741648
59,Fiji,FJI,13.1637824761,13.177097365,13.2062252327,13.2199900338,13.2412429879,13.2665883415,13.2638629548,13.2712939358,13.2850524543,13.2821893949,13.2989843815,13.2975476199,13.2973123896,13.3006492357,13.3035171003,13.3026072492,13.3130769827,13.3161821859,13.3032688993,13.3052820657,13.2888641966,13.2953818796,13.297576792,13.2928638916,13.2949696468
60,Finland,FIN,18.8427711634,18.87610552,18.8961287683,18.9295782371,18.9534925428,18.9731574939,18.9753627088,18.9928043376,19.0088994629,19.0186665911,19.0362540856,19.0369882922,19.0351929736,19.0410750902,19.0383329429,19.039046257,19.0427461817,19.0368264566,19.047482656,19.0483791029,19.0591424444,19.0148774023,18.9756921057,18.9554807154,18.9191136256
61,France,FRA,18.5895567557,18.5691023665,18.5499382469,18.5257533597,18.497183072,18.4677235761,18.496367367,18.5271527988,18.575968926,18.6139071478,18.6428886833,18.6303987022,18.6248103292,18.6080206251,18.5988921762,18.5891020289,18.5995590201,18.6073319978,18.6089482533,18.6216498927,18.6317808326,18.6028680281,18.5692231352,18.5590045608,18.5214279322
62,Gabon,GAB,15.5975519324,15.5927661769,15.5955321843,15.5803703118,15.5797082503,15.5790680944,15.5644486463,15.5482261505,15.5445734528,15.5253884444,15.5194159939,15.506271599,15.4885616355,15.4947290146,15.4731323654,15.4653624733,15.4389355037,15.416209844,15.3884791085,15.3718933111,15.3499995578,15.3277367048,15.3266437265,15.3089076522,15.2941934286
63,Gambia,GMB,15.5469332052,15.5537762727,15.5643369854,15.5818930575,15.5951680585,15.6114316421,15.6030173366,15.6045928995,15.5999419081,15.5979822146,15.5966077855,15.5841934546,15.5849130399,15.5741362473,15.5783339453,15.5693620585,15.5524891029,15.529763922,15.4989407351,15.4892542235,15.4724301306,15.4766066423,15.4889093828,15.4985363177,15.5071304205
64,Georgia,GEO,13.5403379987,13.536543842,13.5354662122,13.5365497158,13.5286212764,13.540867873,13.5413292903,13.5674211837,13.5848573474,13.5991319488,13.613771252,13.6095608783,13.6053448484,13.6060744176,13.6143796838,13.6238822068,13.6151851027,13.5971334301,13.5938196838,13.5752298528,13.5699137539,13.5777532744,13.6014773129,13.5955105445,13.6169497011
65,Germany,DEU,17.8154060586,17.9105140556,18.0059840577,18.1119958399,18.219669177,18.3356426016,18.3250477967,18.3209668824,18.3202997129,18.2890877848,18.2915628412,18.1859153016,18.0927618068,18.0003389019,17.9162522036,17.8288733243,17.8400790149,17.8515075504,17.859450327,17.8747535716,17.892244518,17.842481545,17.8163314263,17.7828912491,17.7360065192
66,Ghana,GHA,14.9484031761,14.9394751345,14.925932609,14.9213379895,14.9081151332,14.9032472658,14.9008813955,14.8772017345,14.8840645429,14.8633682364,14.8563710481,14.8454961982,14.8512121281,14.8446885573,14.8476799395,14.8434889917,14.8327676119,14.8216074775,14.8059603034,14.7964569983,14.7798959151,14.772857066,14.7771244617,14.7790397723,14.7650148414
67,Greece,GRC,17.1971972395,17.2106940232,17.2130400859,17.2283528535,17.2366633901,17.2437886484,17.2641612838,17.2830590631,17.3076312265,17.3383505141,17.3523811112,17.4162914259,17.4723923556,17.5245273902,17.5820520272,17.6314212395,17.6429921685,17.6532835455,17.6682692034,17.6738928178,17.6949272292,17.671984435,17.6159379525,17.5817868515,17.5324041686
69,Grenada,GRD,15.4220450467,15.4291519108,15.4633390456,15.4782069817,15.4913207661,15.4896050911,15.521095113,15.5637995312,15.5998684293,15.6213168759,15.66629434,15.6770345766,15.7134227436,15.7257736223,15.7485975843,15.7657320488,15.766485063,15.7543567633,15.7625775761,15.7308701895,15.6954842134,15.6969299384,15.7043934147,15.7035774239,15.7123005149
71,Guatemala,GTM,14.9925655432,15.0053781391,15.0202140586,15.0358678768,15.045831856,15.0692798504,15.0764231813,15.0957181925,15.101799729,15.1104130252,15.1484771584,15.1000244063,15.0535653496,15.0174064104,14.9825092728,14.9482746668,14.9197760215,14.9026626016,14.8756373751,14.8461398352,14.8207056475,14.7877477687,14.7458711299,14.71621461,14.6836650759
72,Guinea,GIN,14.9219828237,14.9155883228,14.9352706508,14.9427118855,14.9421922764,14.9569854073,14.9637390829,14.982349165,15.0062854039,15.0127092511,15.0289390228,15.0385445804,15.0673923285,15.0733786659,15.0923694869,15.1210539358,15.1241561664,15.1332874182,15.1310355182,15.1359078407,15.1443008448,15.1443458181,15.1418494943,15.1412992054,15.1325700763
73,Guinea-Bissau,GNB,15.0941172604,15.0762644464,15.0718382342,15.0656500008,15.05982302,15.0513497446,15.0530552755,15.0565040202,15.0648951057,15.0691787412,15.0742385285,15.0853919738,15.0880129778,15.1030377399,15.1061670567,15.1187344069,15.1375371587,15.1541605887,15.1696563583,15.182762327,15.2074444562,15.2175022826,15.2229544747,15.236639208,15.2452496591
74,Guyana,GUY,16.6278751474,16.6688361795,16.7050692128,16.7610498646,16.8096120084,16.8473343474,16.8892234932,16.9250874778,16.9842516787,17.0126740475,17.0527983683,17.0685903095,17.0924690196,17.1101395765,17.1251457601,17.1538052177,17.1684749691,17.1779243937,17.1919462019,17.2176813176,17.225763788,17.2104581596,17.190831097,17.1680678599,17.1649858438
75,Haiti,HTI,15.8664553334,15.8817969923,15.8916895036,15.9023040335,15.8991486384,15.9173795901,15.9063387914,15.9021704276,15.898139492,15.8907444994,15.8874600164,15.8767211081,15.8707138762,15.8588861216,15.8533737335,15.8469260237,15.8578025284,15.8596020755,15.8710062556,15.8841734678,15.8904082227,15.8931263061,15.9105430442,15.90961339,15.9260364598
76,Honduras,HND,13.1353056644,13.143270354,13.1469631716,13.1577864149,13.1703853872,13.17665994,13.1834070814,13.1901537292,13.1964970188,13.2184067337,13.2235143314,13.2243152365,13.2283480885,13.2415990593,13.2356785293,13.2534905876,13.2661930102,13.2726904269,13.2765846602,13.2904274014,13.3007259852,13.3006735351,13.311655231,13.3141305881,13.3312936386
77,Hungary,HUN,15.2381319784,15.2543831641,15.2709394232,15.27503179,15.2881157625,15.3044208321,15.2197210161,15.1414057916,15.0692398807,14.9944684747,14.9231368054,14.8596815025,14.7961793581,14.7488171441,14.6858670398,14.638404426,14.6270427546,14.6050847078,14.5992629351,14.5980699501,14.5744471281,14.5672093688,14.5790976856,14.5729778491,14.5643338311
78,Iceland,ISL,16.4982107031,16.5052496922,16.5194016701,16.5286816939,16.5417378544,16.5489711912,16.5336526801,16.5237424401,16.5141276129,16.4985578459,16.4928910841,16.4705458272,16.4708416649,16.4742990847,16.455767264,16.4497071673,16.435584909,16.4261799323,16.4178013896,16.4135805191,16.4076068369,16.4261846665,16.4392215658,16.4558661324,16.4698230254
79,India,IND,15.5063595279,15.5128351013,15.5086863397,15.5199238223,15.5286165215,15.5345886765,15.5481707049,15.5630414005,15.580970669,15.59550163,15.6237666846,15.6319331487,15.6413018534,15.6482421426,15.6566065132,15.6675707407,15.5360179009,15.4107558531,15.2875449172,15.1715022693,15.0594617376,15.0395829124,15.0199436146,15.0039589541,14.9856855234
80,Indonesia,IDN,12.9880665003,12.9788031501,12.9637772032,12.9421816017,12.9212749755,12.9003548286,12.8858155283,12.872405114,12.8579141321,12.8439505846,12.8349872346,12.8396728615,12.8459253167,12.8514153183,12.8607382127,12.8712457286,12.847377038,12.8224306226,12.7979258423,12.7785036804,12.760599443,12.7632740427,12.7697647774,12.7759729732,12.7795285903
81,Iran,IRN,19.251352357,19.2883737066,19.3419244941,19.3817138658,19.4362717019,19.4978446602,19.45894972,19.4606933066,19.4464722,19.4371424366,19.4181610608,19.3964215457,19.3901184264,19.368625453,19.378156071,19.3658858537,19.392293966,19.4195927537,19.4614402637,19.4883195728,19.5205557108,19.5746113379,19.6562899441,19.7118019659,19.7767794473
82,Iraq,IRQ,16.2522954586,16.2945943881,16.3474558099,16.3908154372,16.4424567736,16.4924057613,16.4572846458,16.4460718657,16.4269117685,16.3964153259,16.3834327196,16.3704065357,16.3514058617,16.3521982499,16.3281378704,16.320574975,16.3081820342,16.3010959001,16.2815327329,16.2731966149,16.2545950179,16.2860425313,16.3054207117,16.3397694467,16.3742859123
83,Ireland,IRL,18.0303504121,18.0716476818,18.1159315022,18.164163421,18.2200937802,18.2526752702,18.2716131623,18.2839130739,18.2963646458,18.3147212832,18.3297845281,18.3504507454,18.3920450898,18.4303343954,18.4515041018,18.489435784,18.5215108883,18.5477539548,18.5838160747,18.6032219292,18.6501578788,18.6396740944,18.6301095179,18.6313380186,18.6251636651
84,Israel,ISR,15.4189728379,15.448650434,15.4956181643,15.5300938944,15.559117034,15.6044357553,15.5774509069,15.5655271688,15.5464349504,15.5298306328,15.5076523625,15.4854377787,15.4804808919,15.4648419897,15.4511359486,15.4391693069,15.4393839524,15.4366372877,15.4272900779,15.4385579133,15.4336342415,15.3894923732,15.3508049756,15.3177387857,15.2793144955
85,Italy,ITA,17.4156783816,17.3388906929,17.2815882633,17.2103040177,17.1310680424,17.0719608963,17.0530870911,17.0288886877,17.0022377832,16.9805209806,16.9545967519,16.9288856006,16.9089962827,16.8887760305,16.8714415878,16.8546989225,16.8846892324,16.9133226971,16.9383859183,16.969301498,17.0045467694,16.9619976462,16.9377527546,16.902176467,16.8763443765
86,Jamaica,JAM,15.3050795124,15.3034884253,15.2966709014,15.2878041997,15.2894381718,15.2857602567,15.2902993917,15.2994464954,15.3091367861,15.3206279807,15.3333658198,15.3324044523,15.3465630847,15.3545956209,15.354356982,15.3675453583,15.3706615925,15.3632106286,15.3714870844,15.3557870532,15.3313300693,15.3361888816,15.3553124553,15.375419055,15.3878929358
87,Japan,JPN,13.8220980637,13.8269501531,13.8342798111,13.8418561756,13.8471903171,13.8545727969,13.8186030533,13.7873374907,13.7583637351,13.7240792884,13.6915302193,13.7057183148,13.7218676854,13.7350309197,13.7492451355,13.7662389282,13.795143363,13.8219946582,13.8504266084,13.8797890492,13.9098064391,13.9433051027,13.9798638481,14.015668849,14.0505616531
88,Jordan,JOR,16.6831270878,16.6928512905,16.703981934,16.7019573594,16.724539085,16.7400690458,16.7292272262,16.7305082046,16.7231249313,16.7198827611,16.7186577293,16.7018418087,16.7004225399,16.6887359592,16.6722517487,16.6656642775,16.6463998794,16.6199378692,16.5755429423,16.5549427668,16.5054610574,16.5114447185,16.5115009249,16.5163428462,16.5149705599
89,Kazakhstan,KAZ,14.2661531992,14.301628476,14.3476142529,14.386182033,14.4190809773,14.4502940444,14.4970599436,14.5438901797,14.5850035832,14.6373053789,14.6900710111,14.6893597544,14.7110713006,14.719074645,14.7408564794,14.7553314716,14.7515564928,14.7400595552,14.7547786073,14.76424318,14.7608135762,14.7608814759,14.7765746975,14.7775539263,14.7725890327
90,Kenya,KEN,15.3413965185,15.3387172038,15.339581818,15.344153229,15.3503085802,15.3570308675,15.3737122793,15.3932992528,15.4153450688,15.4371946546,15.4621731036,15.4612333685,15.4607117355,15.4610886664,15.4637554009,15.4644302617,15.4204985468,15.3738017842,15.3287450785,15.2887627035,15.2458255154,15.222601834,15.2029523736,15.1817072585,15.1632495093
91,Kiribati,KIR,13.6480985534,13.6611341562,13.6967720353,13.7199494022,13.7350815617,13.7691925063,13.7798713658,13.7700496299,13.7841957733,13.7791994721,13.795147358,13.787512358,13.7872896583,13.7747981304,13.7693276137,13.7662806367,13.7647148695,13.7562243132,13.7550095932,13.757867718,13.7502615886,13.7483658409,13.7517158717,13.752429595,13.7515982205
92,Kuwait,KWT,16.2189630394,16.2056781033,16.1824862161,16.1635824288,16.1512422102,16.131244209,16.1375176931,16.1559925295,16.1704242401,16.1838240372,16.1952645382,16.201591534,16.2021795768,16.2216120704,16.2258785699,16.245136058,16.2409208048,16.223631654,16.2462519429,16.2386599244,16.2448248797,16.2724100128,16.2883430393,16.31307264,16.3359384118
93,Kyrgyzstan,KGZ,15.0200140568,15.0383060088,15.0526474023,15.0772787035,15.0821747993,15.099850312,15.1118023322,15.1208387278,15.1297027182,15.1414697466,15.151599003,15.1044139428,15.0679896182,15.0289402019,14.990251864,14.9524275816,14.9092675037,14.8710087376,14.825341828,14.7872236233,14.7449034521,14.7180130888,14.6874702278,14.6633511968,14.6440666247
94,Laos,LAO,14.0627942728,14.047833822,14.0489261217,14.0420891516,14.0316998968,14.0294375805,13.9994909383,13.9722199329,13.956118215,13.9207512304,13.901353119,13.8939545078,13.8768381705,13.8776515618,13.8625620138,13.8628407206,13.8558625976,13.8466197924,13.8371745466,13.8375357258,13.834477975,13.8347506703,13.8302495111,13.8188192702,13.8244691224
95,Latvia,LVA,17.2775408668,17.2423460974,17.2170587474,17.2089204446,17.1891517725,17.1713890342,17.1280828072,17.083354747,17.0286901447,16.9915203796,16.9346770813,16.8632732336,16.7954887982,16.7329059602,16.6727420034,16.6149271791,16.5829836842,16.5434664804,16.5167336277,16.490942107,16.4647984876,16.4615493364,16.4522232751,16.4434712018,16.4407414944
96,Lebanon,LBN,17.0083214935,17.0461544309,17.1014992571,17.1516481875,17.1976954389,17.2462165478,17.2997608343,17.368753389,17.4303606325,17.5016257458,17.5603460867,17.5479840701,17.5539598865,17.5403577769,17.5500566118,17.5626818307,17.5541510674,17.5483391215,17.5323096965,17.5346336461,17.531480913,17.519421312,17.5081977703,17.4972832552,17.4918102762
97,Lesotho,LSO,17.6927047055,17.6596759997,17.6324573686,17.6010828736,17.5708221074,17.5532695117,17.555124389,17.5671264061,17.5917204528,17.5960388527,17.6205801127,17.628302763,17.6330741068,17.6450491413,17.6586707602,17.6715515769,17.6768010222,17.6771269621,17.683594947,17.6939183312,17.6964379988,17.681034275,17.6807620967,17.6699352725,17.6677997427
98,Liberia,LBR,15.3675802169,15.4148248067,15.4683337445,15.5305192469,15.5961252825,15.6629820962,15.6689847605,15.70035695,15.7313859536,15.7415928098,15.7718219282,15.7930622076,15.8110169964,15.8398325332,15.8576435838,15.8959549609,15.8841164306,15.8762396228,15.8629113616,15.8597407824,15.8444355641,15.8286105015,15.823154174,15.8104123149,15.8096043854
99,Libya,LBY,16.2258961167,16.2426609233,16.245829986,16.2578081306,16.2727113931,16.2761994424,16.2968893383,16.3246481509,16.3418376488,16.3601022563,16.3849299605,16.406540902,16.4342499038,16.4529198229,16.4715843721,16.4953466611,16.5006429384,16.501089196,16.5146088801,16.5221078449,16.5346045533,16.5420997294,16.5583038281,16.5800518643,16.6085558536
100,Lithuania,LTU,17.8959078551,17.8570419021,17.7995151394,17.7618407943,17.7367482759,17.6886072161,17.6560093863,17.6266984214,17.5966676535,17.563576171,17.5380952391,17.4125381651,17.3027150388,17.1961721287,17.090288965,16.9850067723,16.9580487721,16.9328603398,16.9075826294,16.8723203941,16.8500697795,16.8472527046,16.8548622061,16.8463656633,16.8459441407
101,Luxembourg,LUX,17.4249486026,17.4393982898,17.455124062,17.4929792609,17.5021732583,17.5406704289,17.5149446527,17.4733016981,17.456745706,17.4142873171,17.3897163238,17.364564656,17.349767979,17.3268796773,17.3004084417,17.279842422,17.2609831158,17.2443673581,17.2187031574,17.1951807624,17.1797403051,17.1528494387,17.1405119363,17.1233430945,17.1043057683
102,Macedonia,MKD,13.8607827104,13.8642950722,13.8729679961,13.8789975695,13.8879404632,13.8959756332,13.8966109324,13.8954441792,13.8976672012,13.9025746325,13.8980660048,13.8914707952,13.8924988118,13.8837389236,13.8729401559,13.8783602864,13.8764782057,13.87114765,13.8716697371,13.8723691856,13.8795282932,13.8893688308,13.898268553,13.9147814951,13.9308500683
103,Madagascar,MDG,16.1162090046,16.1176706931,16.1233911119,16.1317010189,16.1258006499,16.1419350896,16.1281692478,16.1123318523,16.0998789128,16.0788089722,16.0819754413,16.0612011631,16.0608918131,16.0513144807,16.0418978116,16.0382837626,16.0351547099,16.0357166041,16.02929959,16.0349399716,16.0254585391,16.0248287994,16.0258510902,16.0366073302,16.0396389516
104,Malawi,MWI,15.95237946,15.969277956,15.9852119344,16.0057342666,16.02859051,16.0483630807,15.9922720628,15.961800886,15.9100574044,15.8789657971,15.8340795304,15.8235213677,15.8275448014,15.8221857624,15.8119671583,15.8091454077,15.7865280207,15.7555801387,15.7413393306,15.711725347,15.6931342864,15.7125483412,15.7422953327,15.7596264349,15.7818829505
105,Malaysia,MYS,13.740929148,13.7283696016,13.7264272962,13.7191899587,13.7130156218,13.698510064,13.7314778673,13.7539536041,13.7956032688,13.8251313965,13.8679077565,13.8759354856,13.8772005303,13.8983351856,13.9073864798,13.9248182285,13.9109702271,13.8880946368,13.8759885727,13.864251216,13.8488412662,13.8140901059,13.7886433508,13.7609391575,13.7223305682
106,Maldives,MDV,13.8585853742,13.8556604226,13.86452042,13.849956536,13.8600456077,13.8679139168,13.8415537403,13.8200076013,13.8092625177,13.7785875974,13.773016325,13.7480471053,13.7146645054,13.7005953397,13.6785279397,13.6506433831,13.6258901496,13.5959834246,13.5650343571,13.5512492815,13.5286339303,13.5146031242,13.5093613572,13.5029826206,13.4978138178
107,Mali,MLI,14.979939333,14.9471819574,14.9453117984,14.9171927841,14.9095181531,14.8922001524,14.8481053705,14.8151115941,14.7819026036,14.7440404024,14.7088202281,14.6839156536,14.6726460762,14.6427422403,14.6291436092,14.6114272151,14.6004612591,14.5869219581,14.5818069838,14.5739883805,14.5699270436,14.571119333,14.5810058965,14.5948310346,14.6001151448
108,Malta,MLT,16.464317978,16.4567649515,16.4552477244,16.4504632343,16.4470644671,16.4454084706,16.4562515345,16.4905135354,16.5165237737,16.538942009,16.5791025155,16.5935464717,16.6062114618,16.6182211424,16.6131192971,16.6376775947,16.6289494717,16.6196528292,16.6344707548,16.6190195879,16.6251189669,16.6204659069,16.6001037293,16.6028952441,16.5934215759
110,Mauritania,MRT,14.6944815695,14.6660952931,14.6502120702,14.6160523972,14.6030881308,14.5857856749,14.5618920326,14.5361857831,14.5278844242,14.5048806799,14.494444463,14.4789352845,14.4742271438,14.4582488438,14.4447623954,14.4432198642,14.4243381896,14.404596004,14.3830000518,14.3728760173,14.3569931491,14.3569004238,14.3759995637,14.3931867133,14.4007756262
111,Mauritius,MUS,14.4000463088,14.4016016169,14.3907571816,14.3876901787,14.3868180419,14.3828698957,14.3653876231,14.3524032146,14.3390746559,14.3217881675,14.3148063387,14.283256447,14.2569215426,14.2246016218,14.1991055657,14.177235891,14.1598295849,14.1363675789,14.119536085,14.1039697694,14.0876352524,14.0670681149,14.0521987908,14.0396456357,14.0102556505
112,Mexico,MEX,13.0086093888,12.9981429439,12.9869027887,12.9753408654,12.9687089145,12.9645589576,12.993589552,13.0244414597,13.0574927114,13.0919297516,13.1312772765,13.1619932449,13.1985743611,13.2351322453,13.2736745914,13.3131648717,13.2949225843,13.2753769508,13.2560970789,13.2390233971,13.2202584735,13.2272974472,13.2308203738,13.2392892132,13.2459032564
114,Moldova,MDA,16.257184192,16.2208118641,16.1940802127,16.1657725783,16.1441196301,16.1092122015,16.1045937532,16.1098411695,16.0980979522,16.0987292654,16.108952624,16.1051273468,16.0956359278,16.0809136603,16.0789168625,16.0722678442,16.0734758157,16.0792747014,16.0867108268,16.0881640672,16.0977772429,16.1105400645,16.1165475409,16.1391429569,16.1668888187
115,Mongolia,MNG,14.2333670717,14.2928790092,14.3492833535,14.402422099,14.4627449042,14.5320072748,14.6091797266,14.7078978437,14.7963324315,14.9040385436,15.0083481232,15.0779365383,15.1402823593,15.2136303271,15.277511336,15.3447313548,15.4069826114,15.4664773239,15.5309637683,15.5972142297,15.6726426925,15.6581026163,15.6503335971,15.6589259445,15.6564280776
117,Morocco,MAR,17.9295523996,17.9287197877,17.9224666612,17.9263449948,17.9221452449,17.9242245626,17.995117906,18.0562043873,18.1198827241,18.193774532,18.2680906762,18.2651853474,18.2706201716,18.2739285173,18.2738915867,18.2754155407,18.2665475881,18.2618450658,18.2548776628,18.2367965823,18.2342938772,18.1874907242,18.1460560626,18.0951563587,18.0423199138
118,Mozambique,MOZ,16.5856454217,16.5819921048,16.5728648985,16.5725341691,16.5832516056,16.5761103047,16.5476529103,16.5235920554,16.502386306,16.4790377687,16.464048909,16.4453805024,16.4273347929,16.3917669865,16.3876625349,16.3725660417,16.3433245001,16.3142366462,16.2910010744,16.2622798718,16.2394298178,16.2253873681,16.2283172135,16.216412902,16.204728443
119,Myanmar,MMR,13.1160408338,13.0975161197,13.0802134763,13.0694225125,13.0595726688,13.0348882354,13.0055966343,12.9749312584,12.9649216945,12.9363528277,12.9172843119,12.8930219377,12.8578673788,12.8291352551,12.815682612,12.7942117614,12.78829049,12.7764688948,12.7718969994,12.7561301473,12.7506011941,12.750058129,12.7656380105,12.7695854472,12.7709880609
120,Namibia,NAM,15.9083477615,15.9397899747,15.9662146228,15.9931249302,16.0157409642,16.0447375398,16.0265646164,16.0140127151,15.9882289304,15.9736666722,15.9604281625,15.9467802269,15.9302544853,15.9145560266,15.9010299633,15.891773847,15.8575396888,15.8148838537,15.7972825582,15.7543417704,15.7204959991,15.7190972883,15.7220019731,15.723359356,15.742426651
121,Nepal,NPL,15.347460943,15.3342706996,15.3084296358,15.3078633132,15.2903461678,15.2662273286,15.300127056,15.3386585982,15.3746995437,15.4116709018,15.4570520921,15.4514104253,15.4423936169,15.4290083358,15.4196182236,15.4164097015,15.4224792414,15.4327878636,15.4316548779,15.4426717045,15.4578565261,15.4193456881,15.3896872934,15.3559959664,15.3208383859
122,Netherlands,NLD,18.2683776834,18.3916140324,18.5089985116,18.6344485069,18.7634532909,18.8936217203,18.9194926734,18.9237988231,18.9530607744,18.9664850716,18.9938830926,18.9499168302,18.9242159411,18.8922505186,18.8539088068,18.8296309402,18.8537228898,18.8786473026,18.8939645691,18.9245406977,18.945409565,18.8256877076,18.7092107461,18.6014541447,18.4844196604
123,New Zealand,NZL,20.9874020183,21.0378936172,21.0731264596,21.1071089922,21.1515991115,21.1935049904,21.227788372,21.2758751116,21.307181882,21.3570642096,21.3926030349,21.4250844039,21.4365030373,21.4732251885,21.4913280895,21.5037528822,21.456540185,21.4043309433,21.366761132,21.3060043587,21.2699777116,21.2736850087,21.2816413531,21.2933121237,21.2832976169
124,Nicaragua,NIC,13.5868338698,13.5900696252,13.6048786786,13.619895128,13.6232104952,13.6442559844,13.6591883302,13.6946012436,13.7077110488,13.7249501659,13.7565211954,13.7556590789,13.7438536631,13.7398075212,13.7314483826,13.7307170033,13.7453520438,13.7467168881,13.7533617936,13.7462466825,13.750182753,13.7666234513,13.7802488502,13.7978713001,13.8168780074
125,Niger,NER,15.4960394619,15.5045766615,15.5190992369,15.5275847881,15.5441090037,15.5561178707,15.5642830815,15.573532054,15.591223988,15.6058721211,15.6199188136,15.6174578176,15.6178216052,15.6147679891,15.6203735436,15.6203818234,15.6235859287,15.6197745066,15.6165766128,15.6179089339,15.6200018351,15.6104010251,15.6215995569,15.6156094943,15.6197294586
126,Nigeria,NGA,15.5024688212,15.4888356535,15.4816468025,15.4772542012,15.4678682102,15.4733117502,15.496354985,15.5140878484,15.5315550782,15.5613708642,15.5899783452,15.5550723466,15.5295735522,15.4991093965,15.4750722068,15.4437287147,15.446108083,15.4468219398,15.4502362382,15.4581033409,15.4647082517,15.3948361785,15.3199323898,15.2487215491,15.1873611498
127,North Korea,PRK,14.2712398607,14.2844719704,14.2884172098,14.2972516552,14.2940635898,14.280481409,14.2849769679,14.3056120914,14.3179827933,14.3233961305,14.3462202494,14.3481173113,14.3637379842,14.3626271034,14.3614407878,14.3698850442,14.383954406,14.4025051051,14.4063364038,14.4064491792,14.417772176,14.4166943212,14.4278834093,14.4306930877,14.4365003387
129,Norway,NOR,18.735675615,18.7315973921,18.722917939,18.7122575243,18.7015755223,18.6801767244,18.6110017075,18.5585279323,18.4956979437,18.4303508724,18.3708424283,18.3249684237,18.2891854009,18.2590870062,18.2293634574,18.1887689418,18.1530388229,18.1084724232,18.0692135312,18.0483071927,18.0015555577,18.0310609509,18.0769953111,18.1061038045,18.1427883452
130,Oman,OMN,15.9707385912,15.9500389055,15.9308284212,15.8993268319,15.8875255829,15.8681373674,15.8779126189,15.8950769611,15.9169364867,15.9341576464,15.9562420518,15.9664110149,15.9631964336,15.9633949844,15.9734913713,15.9685848162,15.9733971144,15.9702301638,15.9622641486,15.9626561512,15.9549560244,15.952428003,15.944154776,15.9384638208,15.9372692232
131,Pakistan,PAK,15.5262616753,15.5268175821,15.5371759558,15.5577918494,15.5601068256,15.5768966398,15.5750279713,15.5785261129,15.5733966686,15.5839239497,15.5797618656,15.5642397431,15.5650345833,15.5573146939,15.548774855,15.5322087482,15.519281325,15.4997560284,15.5031579075,15.493265275,15.5058821392,15.4789323407,15.455776804,15.4242912901,15.3979488162
132,Palestine,PSE,17.7387720224,17.7235961423,17.7058202042,17.6867679292,17.6718637551,17.6504927958,17.7059487091,17.7525638883,17.8046509241,17.852345965,17.9255285867,17.9218480639,17.9233329878,17.9236632198,17.9244516738,17.9246886615,17.9009883707,17.8639894645,17.8479144788,17.8250352813,17.7985199272,17.7683164641,17.7360671597,17.7115520555,17.6693193696
133,Panama,PAN,12.8085766603,12.8811484568,12.9336235323,12.9610821064,12.9806736044,12.9951506285,13.0046309151,13.0233858058,13.0385734929,13.0419135637,13.0596450835,13.0629183617,13.0667451661,13.0783300111,13.085926466,13.1054651689,13.0984141821,13.0909517415,13.0892718034,13.0762307774,13.0756165238,13.0829833698,13.10586269,13.132192059,13.1460034419
134,Papua New Guinea,PNG,13.6025559891,13.6047135411,13.6115188743,13.6195346991,13.6286131726,13.6299830739,13.6237971734,13.6098109992,13.6051624286,13.601718279,13.5888884549,13.5827769142,13.5810254917,13.574358606,13.5617465006,13.5663158686,13.5700982664,13.568593825,13.5728826624,13.578860321,13.5810204996,13.5710410813,13.5576180482,13.5499416881,13.5356037875
135,Paraguay,PRY,16.7871852472,16.7896105363,16.8040333882,16.8086908014,16.8139113464,16.8258481266,16.8362631453,16.8491243217,16.8631745689,16.8756346663,16.897763896,16.9055209124,16.9227726298,16.9376483539,16.9501661082,16.9670120473,16.9821773957,16.9911732375,17.0215614387,17.0203062994,17.0468555339,17.061294533,17.0622685212,17.0791480513,17.1007330841
136,Peru,PER,14.1794794623,14.1853523528,14.1932482745,14.2014272674,14.2126537635,14.22340672,14.2140052855,14.2058706609,14.1911855477,14.1848077654,14.1703384464,14.1473232359,14.1313516365,14.1189554125,14.1031345732,14.0916175424,14.0768898961,14.051596776,14.0540405063,14.03173394,14.0156414252,14.0269212936,14.0436646391,14.0499238513,14.0676136433
137,Philippines,PHL,13.6429259434,13.6068628567,13.576110356,13.5430559226,13.5148836298,13.4918525042,13.4287096185,13.3737861297,13.3245744199,13.2609339029,13.2127576984,13.1573388144,13.1075632082,13.0754514381,13.0372630002,13.0033958995,13.0009107023,12.9943289042,12.9928697005,12.9951006126,12.9958420043,12.9970976964,12.9846866966,12.9954166183,12.9991953999
138,Poland,POL,14.0661303982,14.0979964569,14.1157826435,14.1423301125,14.1843504553,14.2023560576,14.2342195478,14.2515063959,14.2788157972,14.3068796035,14.3219789604,14.3141407616,14.2987983833,14.2702706186,14.2544767472,14.240396053,14.2442150847,14.2449595868,14.2465908558,14.250624514,14.2517743864,14.2420294709,14.2384476777,14.2387263878,14.2279117342
139,Portugal,PRT,17.9914488907,18.0010282627,17.9895854794,17.9962763986,17.9980774795,17.9970580269,18.0156831879,18.0291444384,18.0462376674,18.0638053731,18.0772442428,18.086507593,18.1136043112,18.1406270198,18.1519924236,18.178072755,18.154633671,18.128221808,18.091602257,18.0683808451,18.04062685,18.0187129362,17.9914881521,17.9722915346,17.9598099778
141,Qatar,QAT,16.5191287285,16.5095813064,16.5004776279,16.492042089,16.485477719,16.4836839725,16.4793551642,16.4669859558,16.4610243942,16.4507825383,16.4366081671,16.3852976445,16.3338467198,16.29153957,16.2390346836,16.1935654468,16.186416456,16.1587429026,16.147522862,16.1170121269,16.1107884051,16.1475739116,16.1745346898,16.1882252628,16.2083121864
142,Romania,ROU,13.9422432688,13.9479481818,13.9394437653,13.9368828271,13.936161736,13.9365456457,13.9059107967,13.8918876058,13.8685681279,13.8477118027,13.8290711999,13.787017266,13.750287664,13.716651036,13.681787734,13.6547292455,13.6208968259,13.5903572856,13.5591961594,13.5250901415,13.5014060338,13.5091667914,13.5273146758,13.5305375724,13.5521158283
143,Russia,RUS,17.5304201976,17.6532533798,17.7669871733,17.8921559727,18.0226589516,18.1570857093,18.1967785658,18.2322742434,18.2830761828,18.3155917665,18.3691624873,18.3275245697,18.2977354414,18.2666902144,18.2237942342,18.1916353164,18.0961895945,18.0090987994,17.9192069773,17.8337784131,17.7511644102,17.6980429531,17.6371107566,17.5829616904,17.5369123947
144,Rwanda,RWA,17.2520537088,17.2720004794,17.31091657,17.3527017297,17.4033386235,17.4677643122,17.4127400881,17.3676175927,17.3273673345,17.2954348176,17.2759458483,17.2373173692,17.2013985415,17.1694389284,17.1400122622,17.1076304895,17.050729336,16.9911867308,16.9311957278,16.8661234066,16.8136301032,16.8113771034,16.8191793563,16.8354689039,16.826127684
145,Saint Lucia,LCA,15.6327353698,15.6298606793,15.6346774627,15.6487778678,15.6424049055,15.6413236933,15.6558963013,15.6702466935,15.6959838362,15.711586935,15.7296805851,15.729862705,15.7331033338,15.746503695,15.7431052101,15.7479123151,15.7478914862,15.7535220119,15.7522986409,15.7373868955,15.6998050149,15.6984207172,15.6989783378,15.6923001318,15.6871176813
146,Saint Vincent and the Grenadines,VCT,15.9332123559,15.92812827,15.9365764116,15.9276377628,15.9162073303,15.9209820639,15.9426651421,15.9734394378,15.9979361866,16.0148399717,16.0432088584,16.0560831357,16.0495773645,16.0744986365,16.0722898255,16.078626221,16.0870823948,16.0934578646,16.0797363741,16.0751364768,16.0533321889,16.0502112866,16.0462506469,16.0532107145,16.0364262969
147,Samoa,WSM,13.3598725486,13.3705127967,13.3813620276,13.3845191229,13.4005199206,13.4128550234,13.4007971755,13.4042811127,13.3867003391,13.3875583746,13.3830593789,13.3749815606,13.3698897358,13.3630831805,13.3642725339,13.3611140983,13.361772505,13.3573846878,13.3593056854,13.3566892196,13.3581424527,13.3637278081,13.3651698994,13.3679261744,13.3747848016
148,Sao Tome and Principe,STP,14.55162467,14.5384691634,14.5305738412,14.5199035029,14.5089387549,14.5013063486,14.4925935926,14.4941192345,14.5055873313,14.5011749728,14.5104763968,14.5047668551,14.4994530678,14.5000555711,14.5114819483,14.5103062267,14.4972803981,14.4824905451,14.4660689738,14.4701432716,14.4540380658,14.4557462182,14.442966716,14.4531720546,14.4577668302
149,Saudi Arabia,SAU,15.2514347513,15.2412711072,15.2421256404,15.2312655476,15.2261436245,15.2255861724,15.236203689,15.2461950192,15.2591263285,15.2729833461,15.2857432044,15.2965423436,15.3180914081,15.3353884947,15.3476095136,15.366924582,15.3824962307,15.3990376495,15.410970888,15.4231100918,15.4429780166,15.4566124793,15.4701380542,15.4904133057,15.5073873294
150,Senegal,SEN,14.6952282742,14.7050683604,14.7121353234,14.7222952962,14.7366388399,14.7502140906,14.7328720614,14.7289471847,14.7249405794,14.7086514265,14.7133013145,14.7132895404,14.705508689,14.7048446607,14.7119911408,14.7088271314,14.7083879775,14.7067016681,14.7085733506,14.7114987867,14.7125622789,14.7395081432,14.7604696084,14.7745466418,14.8015381985
151,Serbia,SRB,14.1676020283,14.1864017904,14.1951628474,14.2060295011,14.2146662679,14.2367590718,14.2259258832,14.2271097743,14.2202974801,14.2181350986,14.2246364169,14.2098893976,14.1885352137,14.1736634637,14.1652184887,14.1516642599,14.1387674951,14.1211506429,14.1034212612,14.0804621293,14.0786129132,14.085817523,14.1015875247,14.0977962343,14.1122853054
153,Sierra Leone,SLE,15.1594630475,15.1605403177,15.1575293089,15.1464457735,15.1594629964,15.1613076572,15.1927691248,15.2258947228,15.2629619712,15.3006994578,15.3334795574,15.3345959925,15.3552219095,15.367241409,15.3708447803,15.3944784673,15.380947832,15.3723166508,15.3402463476,15.3407099521,15.3270717285,15.3149525838,15.3078486721,15.3058591663,15.2856125211
154,Singapore,SGP,14.9713137953,14.9794648645,15.0082788562,15.0223897747,15.0382741298,15.0625689407,15.0569477565,15.0635365832,15.0704798549,15.0670880246,15.0585696269,14.9657547532,14.8682468001,14.7855795469,14.7023635937,14.6109246974,14.5803900502,14.5532892505,14.5348438982,14.5023462854,14.4774914917,14.4517866422,14.4465829309,14.4281403716,14.4017183884
155,Slovakia,SVK,14.5269701138,14.539767306,14.5476532962,14.5593612797,14.562397751,14.5777577543,14.5787418986,14.5735390178,14.564584078,14.5590062336,14.5583817287,14.5326714862,14.5291203515,14.5164766494,14.5070965047,14.4889942104,14.4790902952,14.4738728441,14.4551680177,14.4406432322,14.4236371809,14.4403037009,14.4493068211,14.470144485,14.4913602712
156,Slovenia,SVN,15.2260391035,15.2487725168,15.2621494362,15.2711588276,15.2960282886,15.3115781779,15.290295637,15.273563705,15.251661214,15.2313874028,15.2074846289,15.1860845346,15.1539140831,15.1316890386,15.1107059078,15.0887905902,15.0638650896,15.0329896979,14.9982781673,14.9816024033,14.9455640103,14.9464088208,14.9441508407,14.9541421067,14.9587841495
157,Solomon Islands,SLB,13.4486326293,13.4519875151,13.4584428394,13.4571694257,13.4666463973,13.469858282,13.4687188336,13.4739501547,13.4686465437,13.4656884752,13.4724307237,13.4715417745,13.4737070196,13.4610006027,13.4703169753,13.4742076529,13.4773275027,13.4833900861,13.4863900074,13.4709330601,13.475048688,13.4653269607,13.4643390505,13.4544202545,13.4489561436
158,Somalia,SOM,16.3367071228,16.3461396007,16.3490898074,16.3484566751,16.361857887,16.3757049964,16.387890822,16.4239239683,16.4289271042,16.4687978722,16.4883816896,16.5123719506,16.5498911312,16.5727271294,16.6054968777,16.6446523731,16.6478531935,16.6435324138,16.6457088273,16.6454192261,16.6470531971,16.6411310758,16.6394212021,16.6391371108,16.6322077184
159,South Africa,ZAF,16.2266130965,16.2303533891,16.2383141138,16.2473405555,16.2506374224,16.2667463855,16.2658521046,16.2745717469,16.2823914259,16.294531467,16.3095716846,16.2871447478,16.2799460272,16.2685707577,16.2587128292,16.2491450464,16.1877813577,16.1228591955,16.0619093002,16.0000055078,15.9429973923,15.9055873632,15.8767867505,15.8502451022,15.8274677042
160,South Korea,KOR,15.4175651064,15.4197682399,15.442810821,15.448892603,15.4702079063,15.4897633057,15.5094780325,15.519100804,15.543145616,15.5577217629,15.5790078247,15.6100786281,15.6594812917,15.7007436672,15.739327822,15.7979122282,15.7936568801,15.7868687521,15.7898453266,15.796668762,15.8086130207,15.8187344726,15.8362252681,15.8389243425,15.849908946
161,South Sudan,SSD,15.5802400886,15.587054101,15.5883086526,15.5908963307,15.5993101537,15.6145865691,15.6184500852,15.6242648993,15.6455051697,15.6508766378,15.6661344907,15.6529629273,15.6441782536,15.646118671,15.6379292334,15.6464648773,15.6341636627,15.6190032172,15.6221165955,15.5988030105,15.6007864157,15.6076522905,15.6280576738,15.6256138994,15.63400582
162,Spain,ESP,18.2421077952,18.1962128507,18.1479443375,18.1125813741,18.0591025715,18.024562982,18.0033530082,17.9708562411,17.9504946555,17.9219278558,17.8972797401,17.9050449084,17.922978146,17.9305287741,17.9505077965,17.9614826476,18.0217855885,18.0948358661,18.1446177974,18.212468788,18.2766962729,18.2872898704,18.2957659487,18.3131110255,18.3152565274
163,Sri Lanka,LKA,14.1877840144,14.1979678747,14.2070998071,14.2288208085,14.2431079988,14.2589558415,14.2190319013,14.1657732242,14.1280611098,14.0880323683,14.0521959778,14.0154248771,13.9711511638,13.9413750609,13.9043365174,13.8723203075,13.8592520806,13.8389095784,13.8212583215,13.8079531579,13.7968450364,13.7931498932,13.7846766337,13.7764015643,13.7696473631
164,Sudan,SDN,16.9670764582,16.9735200328,16.9905795343,17.0195869477,17.0244967579,17.048485539,17.0571906335,17.0705074439,17.0791497064,17.0771446903,17.0950522732,17.0440877075,17.0125373967,16.9731138193,16.944028408,16.9112444933,16.888437748,16.8603724241,16.8229799234,16.8155682885,16.7966605383,16.7789842241,16.7728306661,16.772296706,16.7693911285
165,Suriname,SUR,16.5370943773,16.5544084057,16.5874038664,16.6039679758,16.6275998518,16.6580832747,16.6748494179,16.6970339272,16.7101676166,16.7426444968,16.7632282454,16.7615929366,16.7643698087,16.7664932101,16.7767726931,16.7724028042,16.7882486084,16.8019281178,16.8157976119,16.8346138056,16.8493449122,16.8492998343,16.8447128249,16.8560965236,16.8560924135
166,Swaziland,SWZ,15.9535573138,15.9733454372,15.9811938787,16.0064327127,16.0257051341,16.0533064532,16.037532686,16.0309517133,16.0197758448,16.0181348047,16.0144571135,16.0119151772,16.0141542558,16.0291104302,16.0182658022,16.0413131142,16.0344980354,16.0227040373,16.0199829841,16.0132786284,16.0120975981,16.0133975085,16.0239007842,16.030858937,16.0441832628
167,Sweden,SWE,18.6115380246,18.6276762194,18.6485425718,18.6730859196,18.6976467671,18.7237994819,18.6323904735,18.5500951685,18.4647710211,18.397964138,18.3218465629,18.3135066099,18.3180326484,18.3053449129,18.3162921324,18.3106130679,18.317882053,18.3167314792,18.3220615164,18.3297943945,18.3351482011,18.3047794229,18.2783719396,18.2498786619,18.222606882
168,Switzerland,CHE,17.7224996854,17.7235792212,17.7239511006,17.7459617769,17.7407907649,17.752354751,17.7072628978,17.6904788687,17.6681334247,17.625753483,17.6004896179,17.5361293899,17.4809485979,17.4253655466,17.3762480904,17.3227438777,17.2817354019,17.2395665639,17.2026139102,17.1546157723,17.1194069151,17.1207540497,17.0909294205,17.0917880888,17.0785863262
169,Syria,SYR,16.4626907629,16.4666460886,16.4651168853,16.4520214242,16.461190909,16.452741438,16.4611387143,16.4660488936,16.4709731125,16.4630648239,16.4819446642,16.4645171899,16.4661743343,16.4664555666,16.4589379366,16.4537394553,16.443963976,16.4319434491,16.4173310496,16.4095798975,16.4007209649,16.4364550778,16.4449231142,16.4639824364,16.4840890987
171,Tajikistan,TJK,13.5276539689,13.5517341926,13.5837483451,13.6078916631,13.6273849991,13.6476017636,13.6713923058,13.6859131709,13.713622934,13.7409963873,13.7635544754,13.772988705,13.7666462967,13.7762812234,13.7701096506,13.7704998765,13.7636226323,13.7547079622,13.7485917402,13.7324825491,13.7368180901,13.7403571236,13.7353318531,13.7358376482,13.7472212614
172,Tanzania,TZA,16.1061931365,16.1094077886,16.112012512,16.110936539,16.125576215,16.1294727319,16.1106778372,16.0792423715,16.073555793,16.0392534724,16.0200101355,15.9907092,15.9566651493,15.9222280863,15.8862249881,15.8553972628,15.8303767165,15.8025281937,15.7722541956,15.7505555309,15.72898679,15.7223744051,15.7243794028,15.7193851237,15.7131729998
173,Thailand,THA,14.7984757534,14.7823973428,14.7726746693,14.7518270418,14.7420257542,14.724443232,14.7286744355,14.7493094315,14.7566597302,14.7682857432,14.789136723,14.7805312867,14.7704296784,14.7550070388,14.7474597067,14.7340179286,14.6799592804,14.6279394931,14.5773478615,14.5206979251,14.480457036,14.4649130809,14.4533995209,14.4294502611,14.4200945555
174,Timor,TLS,14.330480419,14.2966887165,14.2697751795,14.2352711799,14.1996805718,14.1817880668,14.1518470562,14.1242995268,14.0843649832,14.0535022632,14.024574944,13.9988197805,13.9680022521,13.9546573881,13.922123663,13.9064911139,13.8286479486,13.7520953804,13.6920457541,13.6231376872,13.5773019466,13.5753626264,13.5590371728,13.564144295,13.54584865
175,Togo,TGO,14.9585137898,14.9638924165,14.9566416895,14.9747188161,14.9777693212,14.9873432331,15.0075499902,15.0253665055,15.0486415088,15.0614249884,15.0904078992,15.1047288231,15.1017310194,15.1087614184,15.1310165173,15.1385407151,15.2061371611,15.2384496485,15.270469851,15.2733818542,15.2675367339,15.2910401193,15.3015174933,15.3056430245,15.3086545807
176,Tonga,TON,13.172197155,13.1807399624,13.1872488022,13.1988205342,13.2173485053,13.2186477287,13.2267164573,13.2365462701,13.2409885028,13.2605724808,13.2633884285,13.2578656651,13.2572606279,13.2553931039,13.2572527632,13.2600412148,13.2562977011,13.2615972198,13.2538908201,13.2567262384,13.2586516271,13.2597169358,13.2618734228,13.2583415571,13.2625481287
177,Trinidad and Tobago,TTO,16.0722012845,16.0570474516,16.0542117905,16.0456411571,16.040985336,16.026601404,16.0157919128,16.02166975,16.0184991219,16.0192589335,16.0156268152,16.0192262007,16.0098811337,16.0257307493,16.0320168764,16.0308993033,16.0445587546,16.0525159385,16.0596858455,16.0690965051,16.0823747192,16.0849324504,16.0990052632,16.1187431744,16.1265050529
178,Tunisia,TUN,17.1125363754,17.1075117889,17.1173670386,17.1180435641,17.1205253195,17.1310707434,17.135846443,17.1493571926,17.1444176983,17.1741390561,17.1810565745,17.1782626587,17.1799190867,17.1641381893,17.1746824426,17.173090285,17.1733232043,17.1705858725,17.1767395268,17.1695261118,17.1772705113,17.1758795295,17.1734775164,17.1715573095,17.1830791558
179,Turkey,TUR,16.4826796948,16.4716751947,16.4558867665,16.4429298731,16.4257063758,16.4050016975,16.4699164784,16.5280122213,16.5865018585,16.6496412202,16.7172891024,16.7630994927,16.8038007464,16.8461153332,16.8977923486,16.9442684063,16.9296889167,16.9113032325,16.8958302788,16.8831101821,16.8658481378,16.8520846653,16.8336393674,16.8243211916,16.8029923311
180,Turkmenistan,TKM,13.6009575051,13.5842531149,13.6226590795,13.663394079,13.7442716339,13.7656688057,13.7935474928,13.8100317603,13.8232257306,13.8394554207,13.8430124222,13.8473911496,13.8560139835,13.8690807442,13.8605091215,13.8739414729,13.8660010595,13.8491841112,13.8451316177,13.8371699622,13.8285076184,13.8286576803,13.8337226924,13.8378438153,13.8454382456
181,Uganda,UGA,17.1283657721,17.152479281,17.200255832,17.2316092185,17.2734210206,17.3124058039,17.3435780598,17.3768171282,17.4131383495,17.4489126813,17.5009942597,17.4765387368,17.4625866355,17.4417980816,17.4316596081,17.4111178128,17.332233964,17.2470225721,17.167140407,17.1009629812,17.032258362,16.9814679658,16.9392660213,16.8874848829,16.8485362582
182,Ukraine,UKR,17.5008837688,17.4836326844,17.4745601434,17.4641411692,17.4633814376,17.4517872501,17.4817838149,17.4998204411,17.5229743893,17.5541512178,17.5748274075,17.5481465966,17.521948092,17.5050403132,17.4792673472,17.4523109436,17.4472039936,17.4297911457,17.4315191841,17.4100995726,17.4167734572,17.4048927881,17.3971011136,17.3742675967,17.3778061591
183,United Arab Emirates,ARE,14.9260071412,14.9379105088,14.9393064822,14.9622014525,14.9638294948,14.9821875653,14.9882841303,14.9936415148,14.9853513228,14.9853037628,14.9927888195,14.9988948768,15.0098211995,14.993135005,14.9925262587,14.9964545051,14.9960627226,14.9956462964,14.9852119898,14.972324612,14.9638370977,14.9747700012,14.9884815607,15.005706881,15.0011328781
184,United Kingdom,GBR,17.4600743473,17.4945720532,17.533133542,17.5743347532,17.6156329586,17.6621961661,17.6626908714,17.6673090446,17.6726266881,17.6787483551,17.6883202481,17.6840788793,17.6796088086,17.6738765343,17.6670924648,17.6643385301,17.663751685,17.660566102,17.6599167858,17.6596787262,17.6626391545,17.6464752242,17.6357940554,17.6233472254,17.6099893695
185,United States,USA,21.2363864628,21.2326973817,21.23054213,21.2235251519,21.2174225337,21.2100750862,21.3104673054,21.4141129502,21.5259200422,21.6340756561,21.7515182118,21.7481559886,21.7463119024,21.7414828365,21.7363573463,21.7292398197,21.6850621807,21.6385404412,21.5901664545,21.5450123994,21.4988232553,21.5131709367,21.5259123338,21.5389058645,21.5463723546
187,Uruguay,URY,17.4172513242,17.4256736461,17.4408960041,17.4329384961,17.4464164106,17.4559165548,17.4920046693,17.5200831466,17.5460775005,17.5806651518,17.6244825695,17.6382666355,17.653483332,17.6739819646,17.6988436067,17.7148173828,17.7428027083,17.7591403959,17.7970784287,17.8230508442,17.8580718577,17.8795697314,17.8843010432,17.9099936554,17.9230621438
188,Uzbekistan,UZB,13.6049923431,13.6251026601,13.6474291754,13.6719243414,13.6824567576,13.7055144383,13.6972374467,13.7016822863,13.7069863213,13.7030264112,13.7071720757,13.6898616994,13.6767492153,13.6693559841,13.6538176753,13.652296363,13.640209656,13.6212903082,13.6110930806,13.5900878329,13.5975362698,13.5944341714,13.5910812454,13.5806421241,13.5702873391
189,Vanuatu,VUT,13.5686153118,13.5826697807,13.5858663939,13.6112669467,13.6141560098,13.6311463217,13.6334241451,13.6386715383,13.6462833776,13.6455586355,13.6560077807,13.6640605361,13.6567002855,13.6585937479,13.6629002815,13.6591477123,13.6674374738,13.6649812825,13.6554594568,13.6131833044,13.3987199575,13.3958356218,13.3965419058,13.3962409328,13.3827769851
190,Venezuela,VEN,13.098103702,13.1147030042,13.1310236526,13.1475574971,13.1606611302,13.1706124792,13.1674435438,13.1770549296,13.1814312422,13.179367721,13.1835758515,13.1681839722,13.1640824532,13.1562155065,13.1634231831,13.1615777628,13.1646057785,13.1651205912,13.1699791543,13.1737867789,13.1757506382,13.1904751106,13.2061786164,13.230248502,13.2493664406
191,Vietnam,VNM,12.8119234216,12.8063142018,12.7961405261,12.7936706499,12.7793564161,12.7754486069,12.763690874,12.7550504953,12.7534817711,12.7330579976,12.7372667962,12.7134903068,12.691387299,12.6642335513,12.6427576569,12.6260941547,12.6626213946,12.693250583,12.7122765558,12.7224622952,12.7386840229,12.772020137,12.8059973469,12.8396852495,12.8782465639
192,World,OWID,15.6054306904,15.6275352987,15.6420797188,15.6544321456,15.6648177763,15.6757166775,15.683869998,15.6983777169,15.7162580668,15.7318202884,15.7567739213,15.7370253221,15.7220977449,15.7068535832,15.6930384049,15.6815511277,15.6531122065,15.6246025273,15.5977511985,15.5737541984,15.5528573019,15.5335506125,15.51678822,15.50030357,15.4841137171
193,Yemen,YEM,16.7387035402,16.7376891551,16.7491467663,16.7631034588,16.7601224062,16.7727230547,16.7747127711,16.7977792978,16.8130572848,16.8341868105,16.8457587206,16.8354394187,16.820878678,16.8245961961,16.8179402073,16.8149180405,16.7976950958,16.7796650303,16.7690565473,16.7508965432,16.7437540031,16.7466271843,16.7796840252,16.7881520252,16.8118709669
194,Zambia,ZMB,15.6168940098,15.6448434085,15.6732690761,15.6979547766,15.724096255,15.7571976414,15.7520746967,15.7430834645,15.731456244,15.7258114044,15.7273636171,15.7211256862,15.7346060586,15.7260925515,15.7292129956,15.7313085913,15.6989880707,15.6656478169,15.6338363673,15.6090271343,15.579643255,15.5815366946,15.5957578241,15.6062926742,15.6137774293
195,Zimbabwe,ZWE,15.1190619405,15.1222914729,15.1385213129,15.1357763129,15.134489277,15.1483885903,15.1624923861,15.2044763241,15.2340195702,15.2588285073,15.3054620426,15.3451963131,15.3927188633,15.422010989,15.4663022487,15.5136651112,15.5220312611,15.5330446386,15.5538607481,15.5780317111,15.6051043675,15.6180655033,15.6403211707,15.6595025701,15.6720483
